lon,lat,rental_uris,_bcycle_station_type,region_id,address,name,station_id,is_returning,is_renting,is_installed,num_docks_available,num_bikes_available,last_reported,num_bikes_available_types
-118.25854,34.0485,"{'ios': 'https://www.bcycle.com/applink?system_id=bcycle_lametro&station_id=bcycle_lametro_3005&platform=iOS', 'android': 'https://www.bcycle.com/applink?system_id=bcycle_lametro&station_id=bcycle_lametro_3005&platform=android'}",Kiosk and Station,bcycle_lametro_region_1,700 Flower St,7th & Flower,bcycle_lametro_3005,1,1,1,25,2,1773087552,"{'electric': 0, 'smart': 0, 'classic': 2}"
-118.25667,34.04554,"{'ios': 'https://www.bcycle.com/applink?system_id=bcycle_lametro&station_id=bcycle_lametro_3006&platform=iOS', 'android': 'https://www.bcycle.com/applink?system_id=bcycle_lametro&station_id=bcycle_lametro_3006&platform=android'}",Kiosk and Station,bcycle_lametro_region_1,729 S Olive Street,Olive & 8th,bcycle_lametro_3006,1,1,1,16,15,1773087552,"{'electric': 0, 'smart': 0, 'classic': 15}"
-118.25459,34.05048,"{'ios': 'https://www.bcycle.com/applink?system_id=bcycle_lametro&station_id=bcycle_lametro_3007&platform=iOS', 'android': 'https://www.bcycle.com/applink?system_id=bcycle_lametro&station_id=bcycle_lametro_3007&platform=android'}",Kiosk and Station,bcycle_lametro_region_1,557 S 5th Street,5th & Grand,bcycle_lametro_3007,1,1,1,15,8,1773087552,"{'electric': 0, 'smart': 0, 'classic': 8}"
-118.26273,34.04661,"{'ios': 'https://www.bcycle.com/applink?system_id=bcycle_lametro&station_id=bcycle_lametro_3008&platform=iOS', 'android': 'https://www.bcycle.com/applink?system_id=bcycle_lametro&station_id=bcycle_lametro_3008&platform=android'}",Kiosk and Station,bcycle_lametro_region_1,865 S Figueroa Street,Figueroa & 9th,bcycle_lametro_3008,1,1,1,7,8,1773087552,"{'electric': 0, 'smart': 0, 'classic': 8}"
-118.25487,34.03705,"{'ios': 'https://www.bcycle.com/applink?system_id=bcycle_lametro&station_id=bcycle_lametro_3010&platform=iOS', 'android': 'https://www.bcycle.com/applink?system_id=bcycle_lametro&station_id=bcycle_lametro_3010&platform=android'}",Kiosk and Station,bcycle_lametro_region_1,401 East 11th Street,11th & Maple,bcycle_lametro_3010,1,1,1,4,10,1773087552,"{'electric': 0, 'smart': 0, 'classic': 10}"
-118.26735,34.04157,"{'ios': 'https://www.bcycle.com/applink?system_id=bcycle_lametro&station_id=bcycle_lametro_3011&platform=iOS', 'android': 'https://www.bcycle.com/applink?system_id=bcycle_lametro&station_id=bcycle_lametro_3011&platform=android'}",Kiosk and Station,bcycle_lametro_region_1,1259-1299 S Figueroa Street,Figueroa & 12th,bcycle_lametro_3011,1,1,1,15,4,1773087552,"{'electric': 0, 'smart': 0, 'classic': 4}"
-118.23708,34.05702,"{'ios': 'https://www.bcycle.com/applink?system_id=bcycle_lametro&station_id=bcycle_lametro_3014&platform=iOS', 'android': 'https://www.bcycle.com/applink?system_id=bcycle_lametro&station_id=bcycle_lametro_3014&platform=android'}",Kiosk and Station,bcycle_lametro_region_1,834 N Alameda St,Union Station West Portal,bcycle_lametro_3014,1,1,1,10,21,1773087552,"{'electric': 0, 'smart': 0, 'classic': 21}"
-118.24156,34.0529,"{'ios': 'https://www.bcycle.com/applink?system_id=bcycle_lametro&station_id=bcycle_lametro_3016&platform=iOS', 'android': 'https://www.bcycle.com/applink?system_id=bcycle_lametro&station_id=bcycle_lametro_3016&platform=android'}",Kiosk and Station,bcycle_lametro_region_1,201 N Los Angeles Street,Los Angeles & Temple,bcycle_lametro_3016,1,1,1,4,11,1773087552,"{'electric': 0, 'smart': 0, 'classic': 11}"
-118.26014,34.04373,"{'ios': 'https://www.bcycle.com/applink?system_id=bcycle_lametro&station_id=bcycle_lametro_3018&platform=iOS', 'android': 'https://www.bcycle.com/applink?system_id=bcycle_lametro&station_id=bcycle_lametro_3018&platform=android'}",Kiosk and Station,bcycle_lametro_region_1,919 S Grand Ave.,Grand & Olympic,bcycle_lametro_3018,1,1,1,6,13,1773087552,"{'electric': 0, 'smart': 0, 'classic': 13}"
-118.26086,34.03861,"{'ios': 'https://www.bcycle.com/applink?system_id=bcycle_lametro&station_id=bcycle_lametro_3019&platform=iOS', 'android': 'https://www.bcycle.com/applink?system_id=bcycle_lametro&station_id=bcycle_lametro_3019&platform=android'}",Kiosk and Station,bcycle_lametro_region_1,129 W 12th Street,12th & Hill,bcycle_lametro_3019,1,1,1,12,7,1773087552,"{'electric': 0, 'smart': 0, 'classic': 7}"
-118.26709,34.03105,"{'ios': 'https://www.bcycle.com/applink?system_id=bcycle_lametro&station_id=bcycle_lametro_3020&platform=iOS', 'android': 'https://www.bcycle.com/applink?system_id=bcycle_lametro&station_id=bcycle_lametro_3020&platform=android'}",Kiosk and Station,bcycle_lametro_region_1,1950 S Hill Street,Hill & Washington,bcycle_lametro_3020,1,1,1,5,10,1773087552,"{'electric': 0, 'smart': 0, 'classic': 10}"
-118.23309,34.04607,"{'ios': 'https://www.bcycle.com/applink?system_id=bcycle_lametro&station_id=bcycle_lametro_3022&platform=iOS', 'android': 'https://www.bcycle.com/applink?system_id=bcycle_lametro&station_id=bcycle_lametro_3022&platform=android'}",Kiosk and Station,bcycle_lametro_region_1,999 E Third Street,3rd & Santa Fe,bcycle_lametro_3022,1,1,1,12,8,1773087552,"{'electric': 1, 'smart': 0, 'classic': 7}"
-118.24897,34.05772,"{'ios': 'https://www.bcycle.com/applink?system_id=bcycle_lametro&station_id=bcycle_lametro_3024&platform=iOS', 'android': 'https://www.bcycle.com/applink?system_id=bcycle_lametro&station_id=bcycle_lametro_3024&platform=android'}",Kiosk and Station,bcycle_lametro_region_1,111 N Hope St,Hope & 1st,bcycle_lametro_3024,1,1,1,9,6,1773087552,"{'electric': 1, 'smart': 0, 'classic': 5}"
-118.26808,34.03286,"{'ios': 'https://www.bcycle.com/applink?system_id=bcycle_lametro&station_id=bcycle_lametro_3025&platform=iOS', 'android': 'https://www.bcycle.com/applink?system_id=bcycle_lametro&station_id=bcycle_lametro_3025&platform=android'}",Kiosk and Station,bcycle_lametro_region_1,1014 S Grand Ave,Grand & Washington,bcycle_lametro_3025,1,1,1,7,7,1773087552,"{'electric': 0, 'smart': 0, 'classic': 7}"
-118.24588,34.06318,"{'ios': 'https://www.bcycle.com/applink?system_id=bcycle_lametro&station_id=bcycle_lametro_3026&platform=iOS', 'android': 'https://www.bcycle.com/applink?system_id=bcycle_lametro&station_id=bcycle_lametro_3026&platform=android'}",Kiosk and Station,bcycle_lametro_region_1,668 N Figueroa Street,Figueroa & Cesar Chavez,bcycle_lametro_3026,1,1,1,12,3,1773087552,"{'electric': 0, 'smart': 0, 'classic': 3}"
-118.24716,34.04998,"{'ios': 'https://www.bcycle.com/applink?system_id=bcycle_lametro&station_id=bcycle_lametro_3027&platform=iOS', 'android': 'https://www.bcycle.com/applink?system_id=bcycle_lametro&station_id=bcycle_lametro_3027&platform=android'}",Kiosk and Station,bcycle_lametro_region_1,300 S Spring Street,Spring & 3rd,bcycle_lametro_3027,1,1,1,8,6,1773087552,"{'electric': 0, 'smart': 0, 'classic': 6}"
-118.24353,34.05194,"{'ios': 'https://www.bcycle.com/applink?system_id=bcycle_lametro&station_id=bcycle_lametro_3030&platform=iOS', 'android': 'https://www.bcycle.com/applink?system_id=bcycle_lametro&station_id=bcycle_lametro_3030&platform=android'}",Kiosk and Station,bcycle_lametro_region_1,120 S Main Street,Main & 1st,bcycle_lametro_3030,1,1,1,21,8,1773087552,"{'electric': 0, 'smart': 0, 'classic': 8}"
-118.25588,34.04989,"{'ios': 'https://www.bcycle.com/applink?system_id=bcycle_lametro&station_id=bcycle_lametro_3032&platform=iOS', 'android': 'https://www.bcycle.com/applink?system_id=bcycle_lametro&station_id=bcycle_lametro_3032&platform=android'}",Kiosk and Station,bcycle_lametro_region_1,557 S Hope Street,Hope & 6th,bcycle_lametro_3032,1,1,1,9,14,1773087552,"{'electric': 0, 'smart': 0, 'classic': 14}"
-118.2558,34.04099,"{'ios': 'https://www.bcycle.com/applink?system_id=bcycle_lametro&station_id=bcycle_lametro_3033&platform=iOS', 'android': 'https://www.bcycle.com/applink?system_id=bcycle_lametro&station_id=bcycle_lametro_3033&platform=android'}",Kiosk and Station,bcycle_lametro_region_1,110 E 9th Street,Main & 9th,bcycle_lametro_3033,1,1,1,7,5,1773087552,"{'electric': 0, 'smart': 0, 'classic': 5}"
-118.26338,34.04206,"{'ios': 'https://www.bcycle.com/applink?system_id=bcycle_lametro&station_id=bcycle_lametro_3034&platform=iOS', 'android': 'https://www.bcycle.com/applink?system_id=bcycle_lametro&station_id=bcycle_lametro_3034&platform=android'}",Kiosk and Station,bcycle_lametro_region_1,1113 S Hope St,Hope & 11th,bcycle_lametro_3034,1,1,1,15,10,1773087552,"{'electric': 0, 'smart': 0, 'classic': 10}"
-118.26095,34.0484,"{'ios': 'https://www.bcycle.com/applink?system_id=bcycle_lametro&station_id=bcycle_lametro_3035&platform=iOS', 'android': 'https://www.bcycle.com/applink?system_id=bcycle_lametro&station_id=bcycle_lametro_3035&platform=android'}",Kiosk and Station,bcycle_lametro_region_1,735 S Figueroa Street,Figueroa & 8th,bcycle_lametro_3035,1,1,1,9,14,1773087552,"{'electric': 0, 'smart': 0, 'classic': 14}"
-118.23253,34.03919,"{'ios': 'https://www.bcycle.com/applink?system_id=bcycle_lametro&station_id=bcycle_lametro_3036&platform=iOS', 'android': 'https://www.bcycle.com/applink?system_id=bcycle_lametro&station_id=bcycle_lametro_3036&platform=android'}",Kiosk and Station,bcycle_lametro_region_1,1301 Willow Street,Willow & Mateo,bcycle_lametro_3036,1,1,1,13,2,1773087552,"{'electric': 0, 'smart': 0, 'classic': 2}"
-118.23128,34.0348,"{'ios': 'https://www.bcycle.com/applink?system_id=bcycle_lametro&station_id=bcycle_lametro_3037&platform=iOS', 'android': 'https://www.bcycle.com/applink?system_id=bcycle_lametro&station_id=bcycle_lametro_3037&platform=android'}",Kiosk and Station,bcycle_lametro_region_1,699 S Imperial St,Imperial & 7th,bcycle_lametro_3037,1,1,1,8,10,1773087552,"{'electric': 0, 'smart': 0, 'classic': 10}"
-118.26636,34.05357,"{'ios': 'https://www.bcycle.com/applink?system_id=bcycle_lametro&station_id=bcycle_lametro_3040&platform=iOS', 'android': 'https://www.bcycle.com/applink?system_id=bcycle_lametro&station_id=bcycle_lametro_3040&platform=android'}",Kiosk and Station,bcycle_lametro_region_1,1234 Wilshire Blvd,Wilshire & Witmer,bcycle_lametro_3040,1,1,1,0,5,1773087552,"{'electric': 1, 'smart': 0, 'classic': 4}"
-118.23881,34.0493,"{'ios': 'https://www.bcycle.com/applink?system_id=bcycle_lametro&station_id=bcycle_lametro_3042&platform=iOS', 'android': 'https://www.bcycle.com/applink?system_id=bcycle_lametro&station_id=bcycle_lametro_3042&platform=android'}",Kiosk and Station,bcycle_lametro_region_1,369 E First Street,1st & Central,bcycle_lametro_3042,1,1,1,17,11,1773087552,"{'electric': 0, 'smart': 0, 'classic': 11}"
-118.25667,34.02851,"{'ios': 'https://www.bcycle.com/applink?system_id=bcycle_lametro&station_id=bcycle_lametro_3045&platform=iOS', 'android': 'https://www.bcycle.com/applink?system_id=bcycle_lametro&station_id=bcycle_lametro_3045&platform=android'}",Kiosk and Station,bcycle_lametro_region_1,1850 San Pedro St,18th & San Pedro,bcycle_lametro_3045,1,1,1,12,2,1773087552,"{'electric': 2, 'smart': 0, 'classic': 0}"
-118.24749,34.05287,"{'ios': 'https://www.bcycle.com/applink?system_id=bcycle_lametro&station_id=bcycle_lametro_3046&platform=iOS', 'android': 'https://www.bcycle.com/applink?system_id=bcycle_lametro&station_id=bcycle_lametro_3046&platform=android'}",Kiosk and Station,bcycle_lametro_region_1,201 South Hill Street,2nd & Hill,bcycle_lametro_3046,1,1,1,9,8,1773087552,"{'electric': 1, 'smart': 0, 'classic': 7}"
-118.2664,34.03998,"{'ios': 'https://www.bcycle.com/applink?system_id=bcycle_lametro&station_id=bcycle_lametro_3047&platform=iOS', 'android': 'https://www.bcycle.com/applink?system_id=bcycle_lametro&station_id=bcycle_lametro_3047&platform=android'}",Kiosk and Station,bcycle_lametro_region_1,515 W Pico Street,Pico & Flower,bcycle_lametro_3047,1,1,1,16,20,1773087552,"{'electric': 1, 'smart': 0, 'classic': 19}"
-118.23535,34.04169,"{'ios': 'https://www.bcycle.com/applink?system_id=bcycle_lametro&station_id=bcycle_lametro_3048&platform=iOS', 'android': 'https://www.bcycle.com/applink?system_id=bcycle_lametro&station_id=bcycle_lametro_3048&platform=android'}",Kiosk and Station,bcycle_lametro_region_1,1210 East 5th Street,5th & Hewitt,bcycle_lametro_3048,1,1,1,10,6,1773087552,"{'electric': 0, 'smart': 0, 'classic': 6}"
-118.25359,34.05697,"{'ios': 'https://www.bcycle.com/applink?system_id=bcycle_lametro&station_id=bcycle_lametro_3049&platform=iOS', 'android': 'https://www.bcycle.com/applink?system_id=bcycle_lametro&station_id=bcycle_lametro_3049&platform=android'}",Kiosk and Station,bcycle_lametro_region_1,945 W 2nd Street,2nd & Figueroa,bcycle_lametro_3049,1,1,1,12,6,1773087552,"{'electric': 0, 'smart': 0, 'classic': 6}"
-118.26456,34.0511,"{'ios': 'https://www.bcycle.com/applink?system_id=bcycle_lametro&station_id=bcycle_lametro_3052&platform=iOS', 'android': 'https://www.bcycle.com/applink?system_id=bcycle_lametro&station_id=bcycle_lametro_3052&platform=android'}",Kiosk and Station,bcycle_lametro_region_1,1107 W 7th Street,7th & Bixel,bcycle_lametro_3052,1,1,1,26,3,1773087552,"{'electric': 0, 'smart': 0, 'classic': 3}"
-118.23649,34.03922,"{'ios': 'https://www.bcycle.com/applink?system_id=bcycle_lametro&station_id=bcycle_lametro_3054&platform=iOS', 'android': 'https://www.bcycle.com/applink?system_id=bcycle_lametro&station_id=bcycle_lametro_3054&platform=android'}",Kiosk and Station,bcycle_lametro_region_1,1245 Factory Place,Factory Place & Alameda,bcycle_lametro_3054,1,1,1,7,8,1773087552,"{'electric': 1, 'smart': 0, 'classic': 7}"
-118.26538,34.03746,"{'ios': 'https://www.bcycle.com/applink?system_id=bcycle_lametro&station_id=bcycle_lametro_3056&platform=iOS', 'android': 'https://www.bcycle.com/applink?system_id=bcycle_lametro&station_id=bcycle_lametro_3056&platform=android'}",Kiosk and Station,bcycle_lametro_region_1,1375 S Grand Ave,Grand & 14th,bcycle_lametro_3056,1,1,1,10,4,1773087552,"{'electric': 0, 'smart': 0, 'classic': 4}"
-118.23317,34.0358,"{'ios': 'https://www.bcycle.com/applink?system_id=bcycle_lametro&station_id=bcycle_lametro_3058&platform=iOS', 'android': 'https://www.bcycle.com/applink?system_id=bcycle_lametro&station_id=bcycle_lametro_3058&platform=android'}",Kiosk and Station,bcycle_lametro_region_1,1855 Industrial Street,Industrial & Mateo,bcycle_lametro_3058,1,1,1,5,10,1773087552,"{'electric': 0, 'smart': 0, 'classic': 10}"
-118.24317,34.04775,"{'ios': 'https://www.bcycle.com/applink?system_id=bcycle_lametro&station_id=bcycle_lametro_3062&platform=iOS', 'android': 'https://www.bcycle.com/applink?system_id=bcycle_lametro&station_id=bcycle_lametro_3062&platform=android'}",Kiosk and Station,bcycle_lametro_region_1,350 E Third Street,3rd & San Pedro,bcycle_lametro_3062,1,1,1,7,7,1773087552,"{'electric': 0, 'smart': 0, 'classic': 7}"
-118.25374,34.04804,"{'ios': 'https://www.bcycle.com/applink?system_id=bcycle_lametro&station_id=bcycle_lametro_3063&platform=iOS', 'android': 'https://www.bcycle.com/applink?system_id=bcycle_lametro&station_id=bcycle_lametro_3063&platform=android'}",Kiosk and Station,bcycle_lametro_region_1,532 W Olive Street,Pershing Square,bcycle_lametro_3063,1,1,1,14,7,1773087552,"{'electric': 0, 'smart': 0, 'classic': 7}"
-118.25759,34.04613,"{'ios': 'https://www.bcycle.com/applink?system_id=bcycle_lametro&station_id=bcycle_lametro_3064&platform=iOS', 'android': 'https://www.bcycle.com/applink?system_id=bcycle_lametro&station_id=bcycle_lametro_3064&platform=android'}",Kiosk and Station,bcycle_lametro_region_1,786 S Grand Ave,Grand & 8th,bcycle_lametro_3064,1,1,1,11,7,1773087552,"{'electric': 0, 'smart': 0, 'classic': 7}"
-118.23833,34.06056,"{'ios': 'https://www.bcycle.com/applink?system_id=bcycle_lametro&station_id=bcycle_lametro_3065&platform=iOS', 'android': 'https://www.bcycle.com/applink?system_id=bcycle_lametro&station_id=bcycle_lametro_3065&platform=android'}",Kiosk and Station,bcycle_lametro_region_1,725 New High Street,New High & Ord,bcycle_lametro_3065,1,1,1,7,8,1773087552,"{'electric': 2, 'smart': 0, 'classic': 6}"
-118.23616,34.06339,"{'ios': 'https://www.bcycle.com/applink?system_id=bcycle_lametro&station_id=bcycle_lametro_3066&platform=iOS', 'android': 'https://www.bcycle.com/applink?system_id=bcycle_lametro&station_id=bcycle_lametro_3066&platform=android'}",Kiosk and Station,bcycle_lametro_region_1,870 N Spring Street,Spring & College,bcycle_lametro_3066,1,1,1,11,3,1773087552,"{'electric': 1, 'smart': 0, 'classic': 2}"
-118.25024,34.04518,"{'ios': 'https://www.bcycle.com/applink?system_id=bcycle_lametro&station_id=bcycle_lametro_3067&platform=iOS', 'android': 'https://www.bcycle.com/applink?system_id=bcycle_lametro&station_id=bcycle_lametro_3067&platform=android'}",Kiosk and Station,bcycle_lametro_region_1,640 S Spring Street,Main & 6th,bcycle_lametro_3067,1,1,1,1,3,1773087552,"{'electric': 1, 'smart': 0, 'classic': 2}"
-118.25095,34.0532,"{'ios': 'https://www.bcycle.com/applink?system_id=bcycle_lametro&station_id=bcycle_lametro_3068&platform=iOS', 'android': 'https://www.bcycle.com/applink?system_id=bcycle_lametro&station_id=bcycle_lametro_3068&platform=android'}",Kiosk and Station,bcycle_lametro_region_1,250 S Grand Ave,Grand & 3rd,bcycle_lametro_3068,1,1,1,3,11,1773087552,"{'electric': 1, 'smart': 0, 'classic': 10}"
-118.24825,34.05088,"{'ios': 'https://www.bcycle.com/applink?system_id=bcycle_lametro&station_id=bcycle_lametro_3069&platform=iOS', 'android': 'https://www.bcycle.com/applink?system_id=bcycle_lametro&station_id=bcycle_lametro_3069&platform=android'}",Kiosk and Station,bcycle_lametro_region_1,303 S Broadway Street,Broadway & 3rd,bcycle_lametro_3069,1,1,1,17,6,1773087552,"{'electric': 0, 'smart': 0, 'classic': 6}"
-118.26117,34.04417,"{'ios': 'https://www.bcycle.com/applink?system_id=bcycle_lametro&station_id=bcycle_lametro_3074&platform=iOS', 'android': 'https://www.bcycle.com/applink?system_id=bcycle_lametro&station_id=bcycle_lametro_3074&platform=android'}",Kiosk and Station,bcycle_lametro_region_1,960 S Hope Street,Hope & Olympic,bcycle_lametro_3074,1,1,1,14,6,1773087552,"{'electric': 0, 'smart': 0, 'classic': 6}"
-118.25619,34.04211,"{'ios': 'https://www.bcycle.com/applink?system_id=bcycle_lametro&station_id=bcycle_lametro_3075&platform=iOS', 'android': 'https://www.bcycle.com/applink?system_id=bcycle_lametro&station_id=bcycle_lametro_3075&platform=android'}",Kiosk and Station,bcycle_lametro_region_1,902 South Broadway,Broadway & 9th,bcycle_lametro_3075,1,1,1,9,7,1773087552,"{'electric': 0, 'smart': 0, 'classic': 7}"
-118.25384,34.0406,"{'ios': 'https://www.bcycle.com/applink?system_id=bcycle_lametro&station_id=bcycle_lametro_3076&platform=iOS', 'android': 'https://www.bcycle.com/applink?system_id=bcycle_lametro&station_id=bcycle_lametro_3076&platform=android'}",Kiosk and Station,bcycle_lametro_region_1,201 East 9th Street,9th & Los Angeles,bcycle_lametro_3076,1,1,1,9,5,1773087552,"{'electric': 0, 'smart': 0, 'classic': 5}"
-118.25026,34.0401,"{'ios': 'https://www.bcycle.com/applink?system_id=bcycle_lametro&station_id=bcycle_lametro_3077&platform=iOS', 'android': 'https://www.bcycle.com/applink?system_id=bcycle_lametro&station_id=bcycle_lametro_3077&platform=android'}",Kiosk and Station,bcycle_lametro_region_1,517 East 8th Street,8th & Wall,bcycle_lametro_3077,1,1,1,10,5,1773087552,"{'electric': 0, 'smart': 0, 'classic': 5}"
-118.23894,34.06428,"{'ios': 'https://www.bcycle.com/applink?system_id=bcycle_lametro&station_id=bcycle_lametro_3078&platform=iOS', 'android': 'https://www.bcycle.com/applink?system_id=bcycle_lametro&station_id=bcycle_lametro_3078&platform=android'}",Kiosk and Station,bcycle_lametro_region_1,881 N Hill Street,Hill & College,bcycle_lametro_3078,1,1,1,4,11,1773087552,"{'electric': 0, 'smart': 0, 'classic': 11}"
-118.23319,34.05014,"{'ios': 'https://www.bcycle.com/applink?system_id=bcycle_lametro&station_id=bcycle_lametro_3079&platform=iOS', 'android': 'https://www.bcycle.com/applink?system_id=bcycle_lametro&station_id=bcycle_lametro_3079&platform=android'}",Kiosk and Station,bcycle_lametro_region_1,720 E Temple St,Temple & Vignes,bcycle_lametro_3079,1,1,1,9,5,1773087552,"{'electric': 0, 'smart': 0, 'classic': 5}"
-118.25018,34.03189,"{'ios': 'https://www.bcycle.com/applink?system_id=bcycle_lametro&station_id=bcycle_lametro_3081&platform=iOS', 'android': 'https://www.bcycle.com/applink?system_id=bcycle_lametro&station_id=bcycle_lametro_3081&platform=android'}",Kiosk and Station,bcycle_lametro_region_1,800 E 12th Street,Stanford & 12th,bcycle_lametro_3081,1,1,1,8,6,1773087552,"{'electric': 0, 'smart': 0, 'classic': 6}"
-118.23741,34.04652,"{'ios': 'https://www.bcycle.com/applink?system_id=bcycle_lametro&station_id=bcycle_lametro_3082&platform=iOS', 'android': 'https://www.bcycle.com/applink?system_id=bcycle_lametro&station_id=bcycle_lametro_3082&platform=android'}",Kiosk and Station,bcycle_lametro_region_1,599 Traction Ave,Traction & Rose,bcycle_lametro_3082,1,1,1,21,6,1773087552,"{'electric': 0, 'smart': 0, 'classic': 6}"
-118.46796,33.99122,"{'ios': 'https://www.bcycle.com/applink?system_id=bcycle_lametro&station_id=bcycle_lametro_4202&platform=iOS', 'android': 'https://www.bcycle.com/applink?system_id=bcycle_lametro&station_id=bcycle_lametro_4202&platform=android'}",Kiosk and Station,bcycle_lametro_region_2,1222 Abbot Kinney Blvd,Abbot Kinney & Cadiz,bcycle_lametro_4202,1,1,1,13,7,1773087552,"{'electric': 0, 'smart': 0, 'classic': 7}"
-118.45163,33.98842,"{'ios': 'https://www.bcycle.com/applink?system_id=bcycle_lametro&station_id=bcycle_lametro_4204&platform=iOS', 'android': 'https://www.bcycle.com/applink?system_id=bcycle_lametro&station_id=bcycle_lametro_4204&platform=android'}",Kiosk and Station,bcycle_lametro_region_2,2901 W Washington Blvd,Washington & Abbot Kinney,bcycle_lametro_4204,1,1,1,10,6,1773087552,"{'electric': 1, 'smart': 0, 'classic': 5}"
-118.45367,33.99377,"{'ios': 'https://www.bcycle.com/applink?system_id=bcycle_lametro&station_id=bcycle_lametro_4205&platform=iOS', 'android': 'https://www.bcycle.com/applink?system_id=bcycle_lametro&station_id=bcycle_lametro_4205&platform=android'}",Kiosk and Station,bcycle_lametro_region_2,923 Venice Blvd,Venice & Lincoln,bcycle_lametro_4205,1,1,1,11,5,1773087552,"{'electric': 1, 'smart': 0, 'classic': 4}"
-118.46101,33.99834,"{'ios': 'https://www.bcycle.com/applink?system_id=bcycle_lametro&station_id=bcycle_lametro_4206&platform=iOS', 'android': 'https://www.bcycle.com/applink?system_id=bcycle_lametro&station_id=bcycle_lametro_4206&platform=android'}",Kiosk and Station,bcycle_lametro_region_2,1000 California Ave,California & Lincoln,bcycle_lametro_4206,1,1,1,25,5,1773087552,"{'electric': 0, 'smart': 0, 'classic': 5}"
-118.46891,34.00088,"{'ios': 'https://www.bcycle.com/applink?system_id=bcycle_lametro&station_id=bcycle_lametro_4207&platform=iOS', 'android': 'https://www.bcycle.com/applink?system_id=bcycle_lametro&station_id=bcycle_lametro_4207&platform=android'}",Kiosk and Station,bcycle_lametro_region_2,715 Rose Ave,Rose & 7th,bcycle_lametro_4207,1,1,1,12,10,1773087552,"{'electric': 0, 'smart': 0, 'classic': 10}"
-118.47298,33.99868,"{'ios': 'https://www.bcycle.com/applink?system_id=bcycle_lametro&station_id=bcycle_lametro_4208&platform=iOS', 'android': 'https://www.bcycle.com/applink?system_id=bcycle_lametro&station_id=bcycle_lametro_4208&platform=android'}",Kiosk and Station,bcycle_lametro_region_2,529 Rose Ave,Rose & Rennie,bcycle_lametro_4208,1,1,1,13,4,1773087552,"{'electric': 0, 'smart': 0, 'classic': 4}"
-118.47745,33.99624,"{'ios': 'https://www.bcycle.com/applink?system_id=bcycle_lametro&station_id=bcycle_lametro_4209&platform=iOS', 'android': 'https://www.bcycle.com/applink?system_id=bcycle_lametro&station_id=bcycle_lametro_4209&platform=android'}",Kiosk and Station,bcycle_lametro_region_2,200 Rose Ave,Rose & Main,bcycle_lametro_4209,1,1,1,17,6,1773087552,"{'electric': 1, 'smart': 0, 'classic': 5}"
-118.47155,33.98434,"{'ios': 'https://www.bcycle.com/applink?system_id=bcycle_lametro&station_id=bcycle_lametro_4210&platform=iOS', 'android': 'https://www.bcycle.com/applink?system_id=bcycle_lametro&station_id=bcycle_lametro_4210&platform=android'}",Kiosk and Station,bcycle_lametro_region_2,2100 Ocean Front Walk,Ocean Front Walk & North Venice,bcycle_lametro_4210,1,1,1,5,10,1773087552,"{'electric': 1, 'smart': 0, 'classic': 9}"
-118.46996,33.98493,"{'ios': 'https://www.bcycle.com/applink?system_id=bcycle_lametro&station_id=bcycle_lametro_4211&platform=iOS', 'android': 'https://www.bcycle.com/applink?system_id=bcycle_lametro&station_id=bcycle_lametro_4211&platform=android'}",Kiosk and Station,bcycle_lametro_region_2,2100 Pacific Ave,Pacific & North Venice,bcycle_lametro_4211,1,1,1,3,11,1773087552,"{'electric': 0, 'smart': 0, 'classic': 11}"
-118.47174,33.98813,"{'ios': 'https://www.bcycle.com/applink?system_id=bcycle_lametro&station_id=bcycle_lametro_4212&platform=iOS', 'android': 'https://www.bcycle.com/applink?system_id=bcycle_lametro&station_id=bcycle_lametro_4212&platform=android'}",Kiosk and Station,bcycle_lametro_region_2,140 Windward Ave,Windward & Main,bcycle_lametro_4212,1,1,1,10,10,1773087552,"{'electric': 4, 'smart': 0, 'classic': 6}"
-118.4648,33.99537,"{'ios': 'https://www.bcycle.com/applink?system_id=bcycle_lametro&station_id=bcycle_lametro_4213&platform=iOS', 'android': 'https://www.bcycle.com/applink?system_id=bcycle_lametro&station_id=bcycle_lametro_4213&platform=android'}",Kiosk and Station,bcycle_lametro_region_2,1150 7th Ave,7th & Westminster,bcycle_lametro_4213,1,1,1,8,6,1773087552,"{'electric': 0, 'smart': 0, 'classic': 6}"
-118.48155,33.99556,"{'ios': 'https://www.bcycle.com/applink?system_id=bcycle_lametro&station_id=bcycle_lametro_4214&platform=iOS', 'android': 'https://www.bcycle.com/applink?system_id=bcycle_lametro&station_id=bcycle_lametro_4214&platform=android'}",Kiosk and Station,bcycle_lametro_region_2,Ocean Front Walk at Navy St,Ocean Front Walk & Navy,bcycle_lametro_4214,1,1,1,17,9,1773087552,"{'electric': 0, 'smart': 0, 'classic': 9}"
-118.49134,34.01431,"{'ios': 'https://www.bcycle.com/applink?system_id=bcycle_lametro&station_id=bcycle_lametro_4215&platform=iOS', 'android': 'https://www.bcycle.com/applink?system_id=bcycle_lametro&station_id=bcycle_lametro_4215&platform=android'}",Kiosk and Station,bcycle_lametro_region_2,1621 4th St,Downtown Santa Monica E Line Station,bcycle_lametro_4215,1,1,1,14,4,1773087552,"{'electric': 2, 'smart': 0, 'classic': 2}"
-118.47964,34.02339,"{'ios': 'https://www.bcycle.com/applink?system_id=bcycle_lametro&station_id=bcycle_lametro_4216&platform=iOS', 'android': 'https://www.bcycle.com/applink?system_id=bcycle_lametro&station_id=bcycle_lametro_4216&platform=android'}",Kiosk and Station,bcycle_lametro_region_2,1610 Colorado Ave,17th St / SMC E Line Station,bcycle_lametro_4216,1,1,1,7,12,1773087552,"{'electric': 0, 'smart': 0, 'classic': 12}"
-118.25827,34.04031,"{'ios': 'https://www.bcycle.com/applink?system_id=bcycle_lametro&station_id=bcycle_lametro_4217&platform=iOS', 'android': 'https://www.bcycle.com/applink?system_id=bcycle_lametro&station_id=bcycle_lametro_4217&platform=android'}",Kiosk and Station,bcycle_lametro_region_1,1041 S Broadway,Broadway & 11th,bcycle_lametro_4217,1,1,1,6,10,1773087552,"{'electric': 0, 'smart': 0, 'classic': 10}"
-118.25873,34.07483,"{'ios': 'https://www.bcycle.com/applink?system_id=bcycle_lametro&station_id=bcycle_lametro_4220&platform=iOS', 'android': 'https://www.bcycle.com/applink?system_id=bcycle_lametro&station_id=bcycle_lametro_4220&platform=android'}",Kiosk and Station,bcycle_lametro_region_1,1610 Park Ave,Park & Echo Park,bcycle_lametro_4220,1,1,1,5,10,1773087552,"{'electric': 0, 'smart': 0, 'classic': 10}"
-118.27031,34.0298,"{'ios': 'https://www.bcycle.com/applink?system_id=bcycle_lametro&station_id=bcycle_lametro_4227&platform=iOS', 'android': 'https://www.bcycle.com/applink?system_id=bcycle_lametro&station_id=bcycle_lametro_4227&platform=android'}",Kiosk and Station,bcycle_lametro_region_1,2117 S Grand Ave,Grand / LATTC,bcycle_lametro_4227,1,1,1,9,7,1773087552,"{'electric': 1, 'smart': 0, 'classic': 6}"
-118.28341,34.02404,"{'ios': 'https://www.bcycle.com/applink?system_id=bcycle_lametro&station_id=bcycle_lametro_4245&platform=iOS', 'android': 'https://www.bcycle.com/applink?system_id=bcycle_lametro&station_id=bcycle_lametro_4245&platform=android'}",Kiosk and Station,bcycle_lametro_region_1,3451 University Ave,University & Hoover,bcycle_lametro_4245,1,1,1,5,10,1773087552,"{'electric': 1, 'smart': 0, 'classic': 9}"
-118.27917,34.02371,"{'ios': 'https://www.bcycle.com/applink?system_id=bcycle_lametro&station_id=bcycle_lametro_4246&platform=iOS', 'android': 'https://www.bcycle.com/applink?system_id=bcycle_lametro&station_id=bcycle_lametro_4246&platform=android'}",Kiosk and Station,bcycle_lametro_region_1,699 W 32nd Street,32nd & Figueroa,bcycle_lametro_4246,1,1,1,6,8,1773087552,"{'electric': 0, 'smart': 0, 'classic': 8}"
-118.29131,34.03364,"{'ios': 'https://www.bcycle.com/applink?system_id=bcycle_lametro&station_id=bcycle_lametro_4247&platform=iOS', 'android': 'https://www.bcycle.com/applink?system_id=bcycle_lametro&station_id=bcycle_lametro_4247&platform=android'}",Kiosk and Station,bcycle_lametro_region_1,1369 W 25th Street,25th & Vermont,bcycle_lametro_4247,1,1,1,4,4,1773087552,"{'electric': 1, 'smart': 0, 'classic': 3}"
-118.28867,34.02835,"{'ios': 'https://www.bcycle.com/applink?system_id=bcycle_lametro&station_id=bcycle_lametro_4248&platform=iOS', 'android': 'https://www.bcycle.com/applink?system_id=bcycle_lametro&station_id=bcycle_lametro_4248&platform=android'}",Kiosk and Station,bcycle_lametro_region_1,1276 W 29th St,29th & Ellendale,bcycle_lametro_4248,1,1,1,12,7,1773087552,"{'electric': 0, 'smart': 0, 'classic': 7}"
-118.28118,34.0203,"{'ios': 'https://www.bcycle.com/applink?system_id=bcycle_lametro&station_id=bcycle_lametro_4249&platform=iOS', 'android': 'https://www.bcycle.com/applink?system_id=bcycle_lametro&station_id=bcycle_lametro_4249&platform=android'}",Kiosk and Station,bcycle_lametro_region_1,3499 S Figueroa St,Figueroa & McCarthy Way,bcycle_lametro_4249,1,1,1,2,13,1773087552,"{'electric': 1, 'smart': 0, 'classic': 12}"
-118.28095,34.03017,"{'ios': 'https://www.bcycle.com/applink?system_id=bcycle_lametro&station_id=bcycle_lametro_4250&platform=iOS', 'android': 'https://www.bcycle.com/applink?system_id=bcycle_lametro&station_id=bcycle_lametro_4250&platform=android'}",Kiosk and Station,bcycle_lametro_region_1,804 W Adams Blvd,Severance & Adams,bcycle_lametro_4250,1,1,1,9,5,1773087552,"{'electric': 3, 'smart': 0, 'classic': 2}"
-118.28411,34.02868,"{'ios': 'https://www.bcycle.com/applink?system_id=bcycle_lametro&station_id=bcycle_lametro_4254&platform=iOS', 'android': 'https://www.bcycle.com/applink?system_id=bcycle_lametro&station_id=bcycle_lametro_4254&platform=android'}",Kiosk and Station,bcycle_lametro_region_1,2817 Hoover St,Hoover & 29th,bcycle_lametro_4254,1,1,1,13,2,1773087552,"{'electric': 0, 'smart': 0, 'classic': 2}"
-118.42286,33.97366,"{'ios': 'https://www.bcycle.com/applink?system_id=bcycle_lametro&station_id=bcycle_lametro_4255&platform=iOS', 'android': 'https://www.bcycle.com/applink?system_id=bcycle_lametro&station_id=bcycle_lametro_4255&platform=android'}",Kiosk and Station,bcycle_lametro_region_2,6020 Seabluff Dr,Seabluff & Runway,bcycle_lametro_4255,1,1,1,4,6,1773087552,"{'electric': 0, 'smart': 0, 'classic': 6}"
-118.27769,34.02629,"{'ios': 'https://www.bcycle.com/applink?system_id=bcycle_lametro&station_id=bcycle_lametro_4266&platform=iOS', 'android': 'https://www.bcycle.com/applink?system_id=bcycle_lametro&station_id=bcycle_lametro_4266&platform=android'}",Kiosk and Station,bcycle_lametro_region_1,613 W 28th St,28th & Figueroa,bcycle_lametro_4266,1,1,1,5,10,1773087552,"{'electric': 0, 'smart': 0, 'classic': 10}"
-118.28068,34.02762,"{'ios': 'https://www.bcycle.com/applink?system_id=bcycle_lametro&station_id=bcycle_lametro_4267&platform=iOS', 'android': 'https://www.bcycle.com/applink?system_id=bcycle_lametro&station_id=bcycle_lametro_4267&platform=android'}",Kiosk and Station,bcycle_lametro_region_1,737 W 28th St,28th & University,bcycle_lametro_4267,1,1,1,5,5,1773087552,"{'electric': 1, 'smart': 0, 'classic': 4}"
-118.2841,34.02586,"{'ios': 'https://www.bcycle.com/applink?system_id=bcycle_lametro&station_id=bcycle_lametro_4273&platform=iOS', 'android': 'https://www.bcycle.com/applink?system_id=bcycle_lametro&station_id=bcycle_lametro_4273&platform=android'}",Kiosk and Station,bcycle_lametro_region_1,3175 South Hoover Street,Hoover & 32nd,bcycle_lametro_4273,1,1,1,2,13,1773087552,"{'electric': 0, 'smart': 0, 'classic': 13}"
-118.2859,34.01252,"{'ios': 'https://www.bcycle.com/applink?system_id=bcycle_lametro&station_id=bcycle_lametro_4275&platform=iOS', 'android': 'https://www.bcycle.com/applink?system_id=bcycle_lametro&station_id=bcycle_lametro_4275&platform=android'}",Kiosk and Station,bcycle_lametro_region_1,Southwest Stadium Entrance,Expo Park LAFC,bcycle_lametro_4275,1,1,1,4,10,1773087552,"{'electric': 2, 'smart': 0, 'classic': 8}"
-118.27152,34.06228,"{'ios': 'https://www.bcycle.com/applink?system_id=bcycle_lametro&station_id=bcycle_lametro_4293&platform=iOS', 'android': 'https://www.bcycle.com/applink?system_id=bcycle_lametro&station_id=bcycle_lametro_4293&platform=android'}",Kiosk and Station,bcycle_lametro_region_1,300 S Westlake Ave,Westlake & 3rd,bcycle_lametro_4293,1,1,1,6,4,1773087552,"{'electric': 1, 'smart': 0, 'classic': 3}"
-118.2743,34.04887,"{'ios': 'https://www.bcycle.com/applink?system_id=bcycle_lametro&station_id=bcycle_lametro_4300&platform=iOS', 'android': 'https://www.bcycle.com/applink?system_id=bcycle_lametro&station_id=bcycle_lametro_4300&platform=android'}",Kiosk and Station,bcycle_lametro_region_1,1552 W Olympic Blvd,Union & Olympic,bcycle_lametro_4300,1,1,1,7,7,1773087552,"{'electric': 1, 'smart': 0, 'classic': 6}"
-118.2915,34.09905,"{'ios': 'https://www.bcycle.com/applink?system_id=bcycle_lametro&station_id=bcycle_lametro_4301&platform=iOS', 'android': 'https://www.bcycle.com/applink?system_id=bcycle_lametro&station_id=bcycle_lametro_4301&platform=android'}",Kiosk and Station,bcycle_lametro_region_1,4698-4680 Maubert Ave,Maubert & Vermont,bcycle_lametro_4301,1,1,1,6,4,1773087552,"{'electric': 0, 'smart': 0, 'classic': 4}"
-118.28707,34.09801,"{'ios': 'https://www.bcycle.com/applink?system_id=bcycle_lametro&station_id=bcycle_lametro_4303&platform=iOS', 'android': 'https://www.bcycle.com/applink?system_id=bcycle_lametro&station_id=bcycle_lametro_4303&platform=android'}",Kiosk and Station,bcycle_lametro_region_1,4459 Sunset Blvd,Sunset & Virgil,bcycle_lametro_4303,1,1,1,4,6,1773087552,"{'electric': 0, 'smart': 0, 'classic': 6}"
-118.29009,34.06258,"{'ios': 'https://www.bcycle.com/applink?system_id=bcycle_lametro&station_id=bcycle_lametro_4304&platform=iOS', 'android': 'https://www.bcycle.com/applink?system_id=bcycle_lametro&station_id=bcycle_lametro_4304&platform=android'}",Kiosk and Station,bcycle_lametro_region_1,629 Shatto Pl,Shatto Pl & Wilshire,bcycle_lametro_4304,1,1,1,4,6,1773087552,"{'electric': 0, 'smart': 0, 'classic': 6}"
-118.29218,34.05765,"{'ios': 'https://www.bcycle.com/applink?system_id=bcycle_lametro&station_id=bcycle_lametro_4306&platform=iOS', 'android': 'https://www.bcycle.com/applink?system_id=bcycle_lametro&station_id=bcycle_lametro_4306&platform=android'}",Kiosk and Station,bcycle_lametro_region_1,3038 W 8th St,8th & Vermont,bcycle_lametro_4306,1,1,1,5,10,1773087552,"{'electric': 1, 'smart': 0, 'classic': 9}"
-118.29466,34.05969,"{'ios': 'https://www.bcycle.com/applink?system_id=bcycle_lametro&station_id=bcycle_lametro_4311&platform=iOS', 'android': 'https://www.bcycle.com/applink?system_id=bcycle_lametro&station_id=bcycle_lametro_4311&platform=android'}",Kiosk and Station,bcycle_lametro_region_1,3192 W 7th St,7th & Berendo,bcycle_lametro_4311,1,1,1,9,6,1773087552,"{'electric': 0, 'smart': 0, 'classic': 6}"
-118.29088,34.06699,"{'ios': 'https://www.bcycle.com/applink?system_id=bcycle_lametro&station_id=bcycle_lametro_4312&platform=iOS', 'android': 'https://www.bcycle.com/applink?system_id=bcycle_lametro&station_id=bcycle_lametro_4312&platform=android'}",Kiosk and Station,bcycle_lametro_region_1,3260 W 4th St,4th & Vermont,bcycle_lametro_4312,1,1,1,5,10,1773087552,"{'electric': 1, 'smart': 0, 'classic': 9}"
-118.275,34.05681,"{'ios': 'https://www.bcycle.com/applink?system_id=bcycle_lametro&station_id=bcycle_lametro_4313&platform=iOS', 'android': 'https://www.bcycle.com/applink?system_id=bcycle_lametro&station_id=bcycle_lametro_4313&platform=android'}",Kiosk and Station,bcycle_lametro_region_1,662 S Westlake Ave,Westlake & MacArthur Park Station,bcycle_lametro_4313,1,1,1,2,6,1773087552,"{'electric': 0, 'smart': 0, 'classic': 6}"
-118.27976,34.05771,"{'ios': 'https://www.bcycle.com/applink?system_id=bcycle_lametro&station_id=bcycle_lametro_4314&platform=iOS', 'android': 'https://www.bcycle.com/applink?system_id=bcycle_lametro&station_id=bcycle_lametro_4314&platform=android'}",Kiosk and Station,bcycle_lametro_region_1,2378 W 7th St,7th & Park View,bcycle_lametro_4314,1,1,1,5,10,1773087552,"{'electric': 2, 'smart': 0, 'classic': 8}"
-118.27092,34.05403,"{'ios': 'https://www.bcycle.com/applink?system_id=bcycle_lametro&station_id=bcycle_lametro_4315&platform=iOS', 'android': 'https://www.bcycle.com/applink?system_id=bcycle_lametro&station_id=bcycle_lametro_4315&platform=android'}",Kiosk and Station,bcycle_lametro_region_1,694 South Union Avenue,Union & 7th,bcycle_lametro_4315,1,1,1,6,2,1773087552,"{'electric': 1, 'smart': 0, 'classic': 1}"
-118.24184,34.03352,"{'ios': 'https://www.bcycle.com/applink?system_id=bcycle_lametro&station_id=bcycle_lametro_4387&platform=iOS', 'android': 'https://www.bcycle.com/applink?system_id=bcycle_lametro&station_id=bcycle_lametro_4387&platform=android'}",Kiosk and Station,bcycle_lametro_region_1,777 Alameda St,Row DTLA,bcycle_lametro_4387,1,1,1,9,7,1773087552,"{'electric': 0, 'smart': 0, 'classic': 7}"
-118.29659,34.06927,"{'ios': 'https://www.bcycle.com/applink?system_id=bcycle_lametro&station_id=bcycle_lametro_4390&platform=iOS', 'android': 'https://www.bcycle.com/applink?system_id=bcycle_lametro&station_id=bcycle_lametro_4390&platform=android'}",Kiosk and Station,bcycle_lametro_region_1,S Kenmore Ave & W 3rd St,Kenmore & 3rd,bcycle_lametro_4390,1,1,1,7,5,1773087552,"{'electric': 0, 'smart': 0, 'classic': 5}"
-118.29186,34.07561,"{'ios': 'https://www.bcycle.com/applink?system_id=bcycle_lametro&station_id=bcycle_lametro_4401&platform=iOS', 'android': 'https://www.bcycle.com/applink?system_id=bcycle_lametro&station_id=bcycle_lametro_4401&platform=android'}",Kiosk and Station,bcycle_lametro_region_1,Vermont & Beverly ,Vermont & Beverly,bcycle_lametro_4401,1,1,1,5,5,1773087552,"{'electric': 1, 'smart': 0, 'classic': 4}"
-118.27103,34.04813,"{'ios': 'https://www.bcycle.com/applink?system_id=bcycle_lametro&station_id=bcycle_lametro_4404&platform=iOS', 'android': 'https://www.bcycle.com/applink?system_id=bcycle_lametro&station_id=bcycle_lametro_4404&platform=android'}",Kiosk and Station,bcycle_lametro_region_1,919 Albany St,Albany & Olympic,bcycle_lametro_4404,1,1,1,10,5,1773087552,"{'electric': 0, 'smart': 0, 'classic': 5}"
-118.29368,34.0519,"{'ios': 'https://www.bcycle.com/applink?system_id=bcycle_lametro&station_id=bcycle_lametro_4405&platform=iOS', 'android': 'https://www.bcycle.com/applink?system_id=bcycle_lametro&station_id=bcycle_lametro_4405&platform=android'}",Kiosk and Station,bcycle_lametro_region_1,Berendo & Olympic road,Berendo & Olympic,bcycle_lametro_4405,1,1,1,6,9,1773087552,"{'electric': 1, 'smart': 0, 'classic': 8}"
-118.30061,34.10189,"{'ios': 'https://www.bcycle.com/applink?system_id=bcycle_lametro&station_id=bcycle_lametro_4406&platform=iOS', 'android': 'https://www.bcycle.com/applink?system_id=bcycle_lametro&station_id=bcycle_lametro_4406&platform=android'}",Kiosk and Station,bcycle_lametro_region_1,1689 N Normandie Ave,Normandie & Hollywood,bcycle_lametro_4406,1,1,1,5,9,1773087552,"{'electric': 0, 'smart': 0, 'classic': 9}"
-118.2968,34.06335,"{'ios': 'https://www.bcycle.com/applink?system_id=bcycle_lametro&station_id=bcycle_lametro_4410&platform=iOS', 'android': 'https://www.bcycle.com/applink?system_id=bcycle_lametro&station_id=bcycle_lametro_4410&platform=android'}",Kiosk and Station,bcycle_lametro_region_1,609 S Kenmore Ave,Kenmore & 6th,bcycle_lametro_4410,1,1,1,5,11,1773087552,"{'electric': 1, 'smart': 0, 'classic': 10}"
-118.29194,34.10578,"{'ios': 'https://www.bcycle.com/applink?system_id=bcycle_lametro&station_id=bcycle_lametro_4436&platform=iOS', 'android': 'https://www.bcycle.com/applink?system_id=bcycle_lametro&station_id=bcycle_lametro_4436&platform=android'}",Kiosk and Station,bcycle_lametro_region_1,1900 N Vermont,Vermont & Franklin,bcycle_lametro_4436,1,1,1,3,6,1773087552,"{'electric': 0, 'smart': 0, 'classic': 6}"
-118.28727,34.10536,"{'ios': 'https://www.bcycle.com/applink?system_id=bcycle_lametro&station_id=bcycle_lametro_4437&platform=iOS', 'android': 'https://www.bcycle.com/applink?system_id=bcycle_lametro&station_id=bcycle_lametro_4437&platform=android'}",Kiosk and Station,bcycle_lametro_region_1,4500 Franklin Ave,Franklin & Hillhurst,bcycle_lametro_4437,1,1,1,8,4,1773087552,"{'electric': 0, 'smart': 0, 'classic': 4}"
-118.28625,34.09097,"{'ios': 'https://www.bcycle.com/applink?system_id=bcycle_lametro&station_id=bcycle_lametro_4439&platform=iOS', 'android': 'https://www.bcycle.com/applink?system_id=bcycle_lametro&station_id=bcycle_lametro_4439&platform=android'}",Kiosk and Station,bcycle_lametro_region_1,4477 Santa Monica Blvd,Santa Monica & Virgil,bcycle_lametro_4439,1,1,1,6,7,1773087552,"{'electric': 0, 'smart': 0, 'classic': 7}"
-118.29824,34.06166,"{'ios': 'https://www.bcycle.com/applink?system_id=bcycle_lametro&station_id=bcycle_lametro_4440&platform=iOS', 'android': 'https://www.bcycle.com/applink?system_id=bcycle_lametro&station_id=bcycle_lametro_4440&platform=android'}",Kiosk and Station,bcycle_lametro_region_1,3420 Wilshire Blvd,Wilshire & Alexandria,bcycle_lametro_4440,1,1,1,13,5,1773087552,"{'electric': 0, 'smart': 0, 'classic': 5}"
-118.28181,34.02662,"{'ios': 'https://www.bcycle.com/applink?system_id=bcycle_lametro&station_id=bcycle_lametro_4441&platform=iOS', 'android': 'https://www.bcycle.com/applink?system_id=bcycle_lametro&station_id=bcycle_lametro_4441&platform=android'}",Kiosk and Station,bcycle_lametro_region_1,University Ave,30th & University ,bcycle_lametro_4441,1,1,1,0,7,1773087552,"{'electric': 1, 'smart': 0, 'classic': 6}"
-118.30047,34.098,"{'ios': 'https://www.bcycle.com/applink?system_id=bcycle_lametro&station_id=bcycle_lametro_4442&platform=iOS', 'android': 'https://www.bcycle.com/applink?system_id=bcycle_lametro&station_id=bcycle_lametro_4442&platform=android'}",Kiosk and Station,bcycle_lametro_region_1,1498 N Normandie,Normandie & Sunset,bcycle_lametro_4442,1,1,1,4,8,1773087552,"{'electric': 0, 'smart': 0, 'classic': 8}"
-118.27979,34.02209,"{'ios': 'https://www.bcycle.com/applink?system_id=bcycle_lametro&station_id=bcycle_lametro_4443&platform=iOS', 'android': 'https://www.bcycle.com/applink?system_id=bcycle_lametro&station_id=bcycle_lametro_4443&platform=android'}",Kiosk and Station,bcycle_lametro_region_1,3330 S Figueroa St,Figueroa & Jefferson,bcycle_lametro_4443,1,1,1,5,3,1773087552,"{'electric': 0, 'smart': 0, 'classic': 3}"
-118.30557,34.06162,"{'ios': 'https://www.bcycle.com/applink?system_id=bcycle_lametro&station_id=bcycle_lametro_4444&platform=iOS', 'android': 'https://www.bcycle.com/applink?system_id=bcycle_lametro&station_id=bcycle_lametro_4444&platform=android'}",Kiosk and Station,bcycle_lametro_region_1,3670 Wilshire Blvd,Wilshire & Hobart,bcycle_lametro_4444,1,1,1,3,6,1773087552,"{'electric': 1, 'smart': 0, 'classic': 5}"
-118.25157,34.07364,"{'ios': 'https://www.bcycle.com/applink?system_id=bcycle_lametro&station_id=bcycle_lametro_4445&platform=iOS', 'android': 'https://www.bcycle.com/applink?system_id=bcycle_lametro&station_id=bcycle_lametro_4445&platform=android'}",Kiosk and Station,bcycle_lametro_region_1,1389 S Sunset Blvd,Sunset & Douglas,bcycle_lametro_4445,1,1,1,12,3,1773087552,"{'electric': 0, 'smart': 0, 'classic': 3}"
-118.27842,34.05323,"{'ios': 'https://www.bcycle.com/applink?system_id=bcycle_lametro&station_id=bcycle_lametro_4446&platform=iOS', 'android': 'https://www.bcycle.com/applink?system_id=bcycle_lametro&station_id=bcycle_lametro_4446&platform=android'}",Kiosk and Station,bcycle_lametro_region_1,2059 James M. Wood Blvd,James M. Wood & Alvarado,bcycle_lametro_4446,0,0,1,5,5,1773087552,"{'electric': 2, 'smart': 0, 'classic': 3}"
-118.28199,34.0616,"{'ios': 'https://www.bcycle.com/applink?system_id=bcycle_lametro&station_id=bcycle_lametro_4447&platform=iOS', 'android': 'https://www.bcycle.com/applink?system_id=bcycle_lametro&station_id=bcycle_lametro_4447&platform=android'}",Kiosk and Station,bcycle_lametro_region_1,623 S Rampart Blvd,Rampart & Wilshire,bcycle_lametro_4447,1,1,1,3,11,1773087552,"{'electric': 3, 'smart': 0, 'classic': 8}"
-118.27319,34.03027,"{'ios': 'https://www.bcycle.com/applink?system_id=bcycle_lametro&station_id=bcycle_lametro_4448&platform=iOS', 'android': 'https://www.bcycle.com/applink?system_id=bcycle_lametro&station_id=bcycle_lametro_4448&platform=android'}",Kiosk and Station,bcycle_lametro_region_1,509 W 23rd St,23rd St & Flower,bcycle_lametro_4448,1,1,1,12,5,1773087552,"{'electric': 0, 'smart': 0, 'classic': 5}"
-118.27419,34.04557,"{'ios': 'https://www.bcycle.com/applink?system_id=bcycle_lametro&station_id=bcycle_lametro_4449&platform=iOS', 'android': 'https://www.bcycle.com/applink?system_id=bcycle_lametro&station_id=bcycle_lametro_4449&platform=android'}",Kiosk and Station,bcycle_lametro_region_1,1153 Valencia St,12th & Valencia,bcycle_lametro_4449,1,1,1,5,7,1773087552,"{'electric': 0, 'smart': 0, 'classic': 7}"
-118.28716,34.06349,"{'ios': 'https://www.bcycle.com/applink?system_id=bcycle_lametro&station_id=bcycle_lametro_4450&platform=iOS', 'android': 'https://www.bcycle.com/applink?system_id=bcycle_lametro&station_id=bcycle_lametro_4450&platform=android'}",Kiosk and Station,bcycle_lametro_region_1,3000 W 6th St,Virgil & 6th,bcycle_lametro_4450,0,0,1,0,0,1773087552,"{'electric': 0, 'smart': 0, 'classic': 0}"
-118.29131,34.10363,"{'ios': 'https://www.bcycle.com/applink?system_id=bcycle_lametro&station_id=bcycle_lametro_4451&platform=iOS', 'android': 'https://www.bcycle.com/applink?system_id=bcycle_lametro&station_id=bcycle_lametro_4451&platform=android'}",Kiosk and Station,bcycle_lametro_region_1,4647 Melbourne Ave,Melbourne & Vermont,bcycle_lametro_4451,1,1,1,5,5,1773087552,"{'electric': 0, 'smart': 0, 'classic': 5}"
-118.28746,34.10233,"{'ios': 'https://www.bcycle.com/applink?system_id=bcycle_lametro&station_id=bcycle_lametro_4452&platform=iOS', 'android': 'https://www.bcycle.com/applink?system_id=bcycle_lametro&station_id=bcycle_lametro_4452&platform=android'}",Kiosk and Station,bcycle_lametro_region_1,1717 Hillhurst Ave,Hillhurst & Kingswell,bcycle_lametro_4452,1,1,1,7,3,1773087552,"{'electric': 0, 'smart': 0, 'classic': 3}"
-118.28439,34.0826,"{'ios': 'https://www.bcycle.com/applink?system_id=bcycle_lametro&station_id=bcycle_lametro_4453&platform=iOS', 'android': 'https://www.bcycle.com/applink?system_id=bcycle_lametro&station_id=bcycle_lametro_4453&platform=android'}",Kiosk and Station,bcycle_lametro_region_1,626 Lucile Ave,Lucile & Hoover,bcycle_lametro_4453,1,1,1,6,4,1773087552,"{'electric': 0, 'smart': 0, 'classic': 4}"
-118.29172,34.0179,"{'ios': 'https://www.bcycle.com/applink?system_id=bcycle_lametro&station_id=bcycle_lametro_4454&platform=iOS', 'android': 'https://www.bcycle.com/applink?system_id=bcycle_lametro&station_id=bcycle_lametro_4454&platform=android'}",Kiosk and Station,bcycle_lametro_region_1,3775 S Vermont Ave,Vermont & Exposition,bcycle_lametro_4454,1,1,1,7,7,1773087552,"{'electric': 0, 'smart': 0, 'classic': 7}"
-118.27181,34.10936,"{'ios': 'https://www.bcycle.com/applink?system_id=bcycle_lametro&station_id=bcycle_lametro_4455&platform=iOS', 'android': 'https://www.bcycle.com/applink?system_id=bcycle_lametro&station_id=bcycle_lametro_4455&platform=android'}",Kiosk and Station,bcycle_lametro_region_1,2841 1/2 Hyperion Ave,Rowena & Hyperion,bcycle_lametro_4455,1,1,1,5,10,1773087552,"{'electric': 1, 'smart': 0, 'classic': 9}"
-118.30202,34.05243,"{'ios': 'https://www.bcycle.com/applink?system_id=bcycle_lametro&station_id=bcycle_lametro_4456&platform=iOS', 'android': 'https://www.bcycle.com/applink?system_id=bcycle_lametro&station_id=bcycle_lametro_4456&platform=android'}",Kiosk and Station,bcycle_lametro_region_1,W Olympic Blvd & S Ardmore Ave,Ardmore & Olympic,bcycle_lametro_4456,1,1,1,9,6,1773087552,"{'electric': 1, 'smart': 0, 'classic': 5}"
-118.28986,34.10011,"{'ios': 'https://www.bcycle.com/applink?system_id=bcycle_lametro&station_id=bcycle_lametro_4457&platform=iOS', 'android': 'https://www.bcycle.com/applink?system_id=bcycle_lametro&station_id=bcycle_lametro_4457&platform=android'}",Kiosk and Station,bcycle_lametro_region_1,Hollywood Blvd & Rodney Dr,Hollywood & Rodney,bcycle_lametro_4457,1,1,1,7,1,1773087552,"{'electric': 0, 'smart': 0, 'classic': 1}"
-118.28093,34.0926,"{'ios': 'https://www.bcycle.com/applink?system_id=bcycle_lametro&station_id=bcycle_lametro_4472&platform=iOS', 'android': 'https://www.bcycle.com/applink?system_id=bcycle_lametro&station_id=bcycle_lametro_4472&platform=android'}",Kiosk and Station,bcycle_lametro_region_1,Sunset Blvd & Sanborn Ave,Santa Monica & Sunset,bcycle_lametro_4472,1,1,1,11,6,1773087552,"{'electric': 1, 'smart': 0, 'classic': 5}"
-118.28229,34.07159,"{'ios': 'https://www.bcycle.com/applink?system_id=bcycle_lametro&station_id=bcycle_lametro_4473&platform=iOS', 'android': 'https://www.bcycle.com/applink?system_id=bcycle_lametro&station_id=bcycle_lametro_4473&platform=android'}",Kiosk and Station,bcycle_lametro_region_1,3040 Beverly Blvd,Vendome & Beverly,bcycle_lametro_4473,1,1,1,3,5,1773087552,"{'electric': 2, 'smart': 0, 'classic': 3}"
-118.28716,34.11003,"{'ios': 'https://www.bcycle.com/applink?system_id=bcycle_lametro&station_id=bcycle_lametro_4474&platform=iOS', 'android': 'https://www.bcycle.com/applink?system_id=bcycle_lametro&station_id=bcycle_lametro_4474&platform=android'}",Kiosk and Station,bcycle_lametro_region_1,Ambrose Ave & Hillhurst Ave,Ambrose & Hillhurst,bcycle_lametro_4474,1,1,1,9,1,1773087552,"{'electric': 0, 'smart': 0, 'classic': 1}"
-118.24325,34.04518,"{'ios': 'https://www.bcycle.com/applink?system_id=bcycle_lametro&station_id=bcycle_lametro_4475&platform=iOS', 'android': 'https://www.bcycle.com/applink?system_id=bcycle_lametro&station_id=bcycle_lametro_4475&platform=android'}",Kiosk and Station,bcycle_lametro_region_1,415 San Pedro St,San Pedro & Winston,bcycle_lametro_4475,0,0,1,0,0,1773087552,"{'electric': 0, 'smart': 0, 'classic': 0}"
-118.27272,34.08252,"{'ios': 'https://www.bcycle.com/applink?system_id=bcycle_lametro&station_id=bcycle_lametro_4476&platform=iOS', 'android': 'https://www.bcycle.com/applink?system_id=bcycle_lametro&station_id=bcycle_lametro_4476&platform=android'}",Kiosk and Station,bcycle_lametro_region_1,2847 Sunset Blvd,Sunset & Silver Lake,bcycle_lametro_4476,1,1,1,11,4,1773087552,"{'electric': 0, 'smart': 0, 'classic': 4}"
-118.32546,34.10385,"{'ios': 'https://www.bcycle.com/applink?system_id=bcycle_lametro&station_id=bcycle_lametro_4477&platform=iOS', 'android': 'https://www.bcycle.com/applink?system_id=bcycle_lametro&station_id=bcycle_lametro_4477&platform=android'}",Kiosk and Station,bcycle_lametro_region_9,6247 Yucca St,Yucca & Argyle,bcycle_lametro_4477,1,1,1,11,2,1773087552,"{'electric': 0, 'smart': 0, 'classic': 2}"
-118.28874,34.0315,"{'ios': 'https://www.bcycle.com/applink?system_id=bcycle_lametro&station_id=bcycle_lametro_4479&platform=iOS', 'android': 'https://www.bcycle.com/applink?system_id=bcycle_lametro&station_id=bcycle_lametro_4479&platform=android'}",Kiosk and Station,bcycle_lametro_region_1,2617-2717 Ellendale Pl,Ellendale Pl & Adams,bcycle_lametro_4479,1,1,1,8,4,1773087552,"{'electric': 1, 'smart': 0, 'classic': 3}"
-118.33101,34.09437,"{'ios': 'https://www.bcycle.com/applink?system_id=bcycle_lametro&station_id=bcycle_lametro_4482&platform=iOS', 'android': 'https://www.bcycle.com/applink?system_id=bcycle_lametro&station_id=bcycle_lametro_4482&platform=android'}",Kiosk and Station,bcycle_lametro_region_9,1300-1310 Wilcox Ave,Wilcox & Fountain,bcycle_lametro_4482,1,1,1,10,5,1773087552,"{'electric': 0, 'smart': 0, 'classic': 5}"
-118.25912,34.1007,"{'ios': 'https://www.bcycle.com/applink?system_id=bcycle_lametro&station_id=bcycle_lametro_4483&platform=iOS', 'android': 'https://www.bcycle.com/applink?system_id=bcycle_lametro&station_id=bcycle_lametro_4483&platform=android'}",Kiosk and Station,bcycle_lametro_region_1,2420 Glendale Blv,Glendale & Silver Lake,bcycle_lametro_4483,1,1,1,6,6,1773087552,"{'electric': 0, 'smart': 0, 'classic': 6}"
-118.44692,34.06211,"{'ios': 'https://www.bcycle.com/applink?system_id=bcycle_lametro&station_id=bcycle_lametro_4487&platform=iOS', 'android': 'https://www.bcycle.com/applink?system_id=bcycle_lametro&station_id=bcycle_lametro_4487&platform=android'}",Kiosk and Station,bcycle_lametro_region_2,1017 Broxton Ave,Broxton & Weyburn,bcycle_lametro_4487,1,1,1,1,15,1773087552,"{'electric': 0, 'smart': 0, 'classic': 15}"
-118.25584,34.05355,"{'ios': 'https://www.bcycle.com/applink?system_id=bcycle_lametro&station_id=bcycle_lametro_4490&platform=iOS', 'android': 'https://www.bcycle.com/applink?system_id=bcycle_lametro&station_id=bcycle_lametro_4490&platform=android'}",Kiosk and Station,bcycle_lametro_region_1,S Figueroa St & W 4th St,Figueroa & 4th,bcycle_lametro_4490,1,1,1,12,3,1773087552,"{'electric': 0, 'smart': 0, 'classic': 3}"
-118.24794,34.04744,"{'ios': 'https://www.bcycle.com/applink?system_id=bcycle_lametro&station_id=bcycle_lametro_4491&platform=iOS', 'android': 'https://www.bcycle.com/applink?system_id=bcycle_lametro&station_id=bcycle_lametro_4491&platform=android'}",Kiosk and Station,bcycle_lametro_region_1,429 S Main St,Main & Winston,bcycle_lametro_4491,1,1,1,0,0,1773087552,"{'electric': 0, 'smart': 0, 'classic': 0}"
-118.4255,34.03687,"{'ios': 'https://www.bcycle.com/applink?system_id=bcycle_lametro&station_id=bcycle_lametro_4492&platform=iOS', 'android': 'https://www.bcycle.com/applink?system_id=bcycle_lametro&station_id=bcycle_lametro_4492&platform=android'}",Kiosk and Station,bcycle_lametro_region_2,Westwood Blvd & Exposition Blvd,Westwood/Rancho Park E Line Station,bcycle_lametro_4492,1,1,1,15,4,1773087552,"{'electric': 1, 'smart': 0, 'classic': 3}"
-118.27719,34.09028,"{'ios': 'https://www.bcycle.com/applink?system_id=bcycle_lametro&station_id=bcycle_lametro_4493&platform=iOS', 'android': 'https://www.bcycle.com/applink?system_id=bcycle_lametro&station_id=bcycle_lametro_4493&platform=android'}",Kiosk and Station,bcycle_lametro_region_1,Sunset Blvd & Maltman Ave,Sunset Triangle Plaza,bcycle_lametro_4493,1,1,1,7,9,1773087552,"{'electric': 0, 'smart': 0, 'classic': 9}"
-118.25601,34.07598,"{'ios': 'https://www.bcycle.com/applink?system_id=bcycle_lametro&station_id=bcycle_lametro_4494&platform=iOS', 'android': 'https://www.bcycle.com/applink?system_id=bcycle_lametro&station_id=bcycle_lametro_4494&platform=android'}",Kiosk and Station,bcycle_lametro_region_1,1524 Sunset Blvd,Laveta Terrace & Sunset,bcycle_lametro_4494,1,1,1,3,6,1773087552,"{'electric': 0, 'smart': 0, 'classic': 6}"
-118.30917,34.10164,"{'ios': 'https://www.bcycle.com/applink?system_id=bcycle_lametro&station_id=bcycle_lametro_4509&platform=iOS', 'android': 'https://www.bcycle.com/applink?system_id=bcycle_lametro&station_id=bcycle_lametro_4509&platform=android'}",Kiosk and Station,bcycle_lametro_region_1,1661 Western Ave ,Western & Hollywood,bcycle_lametro_4509,1,1,1,8,3,1773087552,"{'electric': 0, 'smart': 0, 'classic': 3}"
-118.26455,34.07735,"{'ios': 'https://www.bcycle.com/applink?system_id=bcycle_lametro&station_id=bcycle_lametro_4510&platform=iOS', 'android': 'https://www.bcycle.com/applink?system_id=bcycle_lametro&station_id=bcycle_lametro_4510&platform=android'}",Kiosk and Station,bcycle_lametro_region_1,2134 Sunset Blvd,Mohawk Bend,bcycle_lametro_4510,1,1,1,9,1,1773087552,"{'electric': 0, 'smart': 0, 'classic': 1}"
-118.23177,34.05628,"{'ios': 'https://www.bcycle.com/applink?system_id=bcycle_lametro&station_id=bcycle_lametro_4511&platform=iOS', 'android': 'https://www.bcycle.com/applink?system_id=bcycle_lametro&station_id=bcycle_lametro_4511&platform=android'}",Kiosk and Station,bcycle_lametro_region_1,N Vignes St,Union Station East Portal,bcycle_lametro_4511,1,1,1,6,13,1773087552,"{'electric': 3, 'smart': 0, 'classic': 10}"
-118.26497,34.04381,"{'ios': 'https://www.bcycle.com/applink?system_id=bcycle_lametro&station_id=bcycle_lametro_4512&platform=iOS', 'android': 'https://www.bcycle.com/applink?system_id=bcycle_lametro&station_id=bcycle_lametro_4512&platform=android'}",Kiosk and Station,bcycle_lametro_region_1,1060 S Figueroa St ,Figueroa & 11th,bcycle_lametro_4512,1,1,1,12,4,1773087552,"{'electric': 0, 'smart': 0, 'classic': 4}"
-118.45117,34.04621,"{'ios': 'https://www.bcycle.com/applink?system_id=bcycle_lametro&station_id=bcycle_lametro_4514&platform=iOS', 'android': 'https://www.bcycle.com/applink?system_id=bcycle_lametro&station_id=bcycle_lametro_4514&platform=android'}",Kiosk and Station,bcycle_lametro_region_2,1600 Purdue Ave,Purdue & Santa Monica,bcycle_lametro_4514,1,1,1,12,9,1773087552,"{'electric': 0, 'smart': 0, 'classic': 9}"
-118.44227,34.03974,"{'ios': 'https://www.bcycle.com/applink?system_id=bcycle_lametro&station_id=bcycle_lametro_4515&platform=iOS', 'android': 'https://www.bcycle.com/applink?system_id=bcycle_lametro&station_id=bcycle_lametro_4515&platform=android'}",Kiosk and Station,bcycle_lametro_region_2,11298 Mississippi Ave,Mississippi & Sawtelle,bcycle_lametro_4515,1,1,1,2,7,1773087552,"{'electric': 1, 'smart': 0, 'classic': 6}"
-118.33885,34.10196,"{'ios': 'https://www.bcycle.com/applink?system_id=bcycle_lametro&station_id=bcycle_lametro_4517&platform=iOS', 'android': 'https://www.bcycle.com/applink?system_id=bcycle_lametro&station_id=bcycle_lametro_4517&platform=android'}",Kiosk and Station,bcycle_lametro_region_9,1721-1701 N Highland Ave,Highland & Hollywood,bcycle_lametro_4517,0,0,1,11,0,1773087552,"{'electric': 0, 'smart': 0, 'classic': 0}"
-118.29975,34.05797,"{'ios': 'https://www.bcycle.com/applink?system_id=bcycle_lametro&station_id=bcycle_lametro_4518&platform=iOS', 'android': 'https://www.bcycle.com/applink?system_id=bcycle_lametro&station_id=bcycle_lametro_4518&platform=android'}",Kiosk and Station,bcycle_lametro_region_1,720 S Normandie Ave,Normandie & 8th,bcycle_lametro_4518,1,1,1,1,5,1773087552,"{'electric': 2, 'smart': 0, 'classic': 3}"
-118.41205,33.99032,"{'ios': 'https://www.bcycle.com/applink?system_id=bcycle_lametro&station_id=bcycle_lametro_4521&platform=iOS', 'android': 'https://www.bcycle.com/applink?system_id=bcycle_lametro&station_id=bcycle_lametro_4521&platform=android'}",Kiosk and Station,bcycle_lametro_region_2,4955 Inglewood Blvd,Inglewood & Ballona,bcycle_lametro_4521,1,1,1,4,8,1773087552,"{'electric': 2, 'smart': 0, 'classic': 6}"
-118.30928,34.06875,"{'ios': 'https://www.bcycle.com/applink?system_id=bcycle_lametro&station_id=bcycle_lametro_4523&platform=iOS', 'android': 'https://www.bcycle.com/applink?system_id=bcycle_lametro&station_id=bcycle_lametro_4523&platform=android'}",Kiosk and Station,bcycle_lametro_region_1,311 S Western Ave,Western & 3rd,bcycle_lametro_4523,1,1,1,8,7,1773087552,"{'electric': 2, 'smart': 0, 'classic': 5}"
-118.30119,34.06163,"{'ios': 'https://www.bcycle.com/applink?system_id=bcycle_lametro&station_id=bcycle_lametro_4524&platform=iOS', 'android': 'https://www.bcycle.com/applink?system_id=bcycle_lametro&station_id=bcycle_lametro_4524&platform=android'}",Kiosk and Station,bcycle_lametro_region_1,Wilshire Normandie Plaza,Wilshire & Normandie,bcycle_lametro_4524,1,1,1,13,1,1773087552,"{'electric': 0, 'smart': 0, 'classic': 1}"
-118.3418,34.10038,"{'ios': 'https://www.bcycle.com/applink?system_id=bcycle_lametro&station_id=bcycle_lametro_4525&platform=iOS', 'android': 'https://www.bcycle.com/applink?system_id=bcycle_lametro&station_id=bcycle_lametro_4525&platform=android'}",Kiosk and Station,bcycle_lametro_region_9,7000 Hawthorn Ave,Hawthorn & Orange,bcycle_lametro_4525,1,1,1,4,6,1773087552,"{'electric': 1, 'smart': 0, 'classic': 5}"
-118.34919,34.10338,"{'ios': 'https://www.bcycle.com/applink?system_id=bcycle_lametro&station_id=bcycle_lametro_4526&platform=iOS', 'android': 'https://www.bcycle.com/applink?system_id=bcycle_lametro&station_id=bcycle_lametro_4526&platform=android'}",Kiosk and Station,bcycle_lametro_region_9,7333 Franklin Ave,Franklin & Fuller,bcycle_lametro_4526,1,1,1,13,8,1773087552,"{'electric': 0, 'smart': 0, 'classic': 8}"
-118.33741,34.102,"{'ios': 'https://www.bcycle.com/applink?system_id=bcycle_lametro&station_id=bcycle_lametro_4527&platform=iOS', 'android': 'https://www.bcycle.com/applink?system_id=bcycle_lametro&station_id=bcycle_lametro_4527&platform=android'}",Kiosk and Station,bcycle_lametro_region_9,1714 N McCadden Pl,McCadden & Hollywood,bcycle_lametro_4527,1,1,1,10,4,1773087552,"{'electric': 0, 'smart': 0, 'classic': 4}"
-118.44437,34.06097,"{'ios': 'https://www.bcycle.com/applink?system_id=bcycle_lametro&station_id=bcycle_lametro_4528&platform=iOS', 'android': 'https://www.bcycle.com/applink?system_id=bcycle_lametro&station_id=bcycle_lametro_4528&platform=android'}",Kiosk and Station,bcycle_lametro_region_2,1080 Glendon Ave,Glendon & Kinross,bcycle_lametro_4528,1,1,1,3,11,1773087552,"{'electric': 2, 'smart': 0, 'classic': 9}"
-118.33329,34.10186,"{'ios': 'https://www.bcycle.com/applink?system_id=bcycle_lametro&station_id=bcycle_lametro_4529&platform=iOS', 'android': 'https://www.bcycle.com/applink?system_id=bcycle_lametro&station_id=bcycle_lametro_4529&platform=android'}",Kiosk and Station,bcycle_lametro_region_9,6561 Hollywood Blvd,Whitley & Hollywood,bcycle_lametro_4529,1,1,1,11,2,1773087552,"{'electric': 0, 'smart': 0, 'classic': 2}"
-118.32811,34.10186,"{'ios': 'https://www.bcycle.com/applink?system_id=bcycle_lametro&station_id=bcycle_lametro_4534&platform=iOS', 'android': 'https://www.bcycle.com/applink?system_id=bcycle_lametro&station_id=bcycle_lametro_4534&platform=android'}",Kiosk and Station,bcycle_lametro_region_9,6331 Hollywood Blvd,Ivar & Hollywood,bcycle_lametro_4534,1,1,1,5,11,1773087552,"{'electric': 1, 'smart': 0, 'classic': 10}"
-118.46226,33.98908,"{'ios': 'https://www.bcycle.com/applink?system_id=bcycle_lametro&station_id=bcycle_lametro_4536&platform=iOS', 'android': 'https://www.bcycle.com/applink?system_id=bcycle_lametro&station_id=bcycle_lametro_4536&platform=android'}",Kiosk and Station,bcycle_lametro_region_2,600 Venice Boulevard,Venice & Abbot Kinney,bcycle_lametro_4536,1,1,1,6,4,1773087552,"{'electric': 0, 'smart': 0, 'classic': 4}"
-118.33882,34.09823,"{'ios': 'https://www.bcycle.com/applink?system_id=bcycle_lametro&station_id=bcycle_lametro_4537&platform=iOS', 'android': 'https://www.bcycle.com/applink?system_id=bcycle_lametro&station_id=bcycle_lametro_4537&platform=android'}",Kiosk and Station,bcycle_lametro_region_9,1500 N Highland Ave,Highland & Sunset,bcycle_lametro_4537,1,1,1,10,8,1773087552,"{'electric': 3, 'smart': 0, 'classic': 5}"
-118.30882,34.06543,"{'ios': 'https://www.bcycle.com/applink?system_id=bcycle_lametro&station_id=bcycle_lametro_4538&platform=iOS', 'android': 'https://www.bcycle.com/applink?system_id=bcycle_lametro&station_id=bcycle_lametro_4538&platform=android'}",Kiosk and Station,bcycle_lametro_region_1,450 S Western Ave ,5th & Western,bcycle_lametro_4538,1,1,1,4,4,1773087552,"{'electric': 0, 'smart': 0, 'classic': 4}"
-118.22541,34.04776,"{'ios': 'https://www.bcycle.com/applink?system_id=bcycle_lametro&station_id=bcycle_lametro_4540&platform=iOS', 'android': 'https://www.bcycle.com/applink?system_id=bcycle_lametro&station_id=bcycle_lametro_4540&platform=android'}",Kiosk and Station,bcycle_lametro_region_1,111 S Utah St,1st & Utah,bcycle_lametro_4540,1,1,1,9,6,1773087552,"{'electric': 2, 'smart': 0, 'classic': 4}"
-118.45125,33.95718,"{'ios': 'https://www.bcycle.com/applink?system_id=bcycle_lametro&station_id=bcycle_lametro_4543&platform=iOS', 'android': 'https://www.bcycle.com/applink?system_id=bcycle_lametro&station_id=bcycle_lametro_4543&platform=android'}",Kiosk and Station,bcycle_lametro_region_2,6900 Pacific Ave,Toes Beach at Culver Blvd,bcycle_lametro_4543,1,1,1,3,5,1773087552,"{'electric': 1, 'smart': 0, 'classic': 4}"
-118.4352,33.92846,"{'ios': 'https://www.bcycle.com/applink?system_id=bcycle_lametro&station_id=bcycle_lametro_4544&platform=iOS', 'android': 'https://www.bcycle.com/applink?system_id=bcycle_lametro&station_id=bcycle_lametro_4544&platform=android'}",Kiosk and Station,bcycle_lametro_region_2,Dockweiler Beach,Dockweiler Beach at Imperial Hwy,bcycle_lametro_4544,1,1,1,6,8,1773087552,"{'electric': 2, 'smart': 0, 'classic': 6}"
-118.44828,33.95879,"{'ios': 'https://www.bcycle.com/applink?system_id=bcycle_lametro&station_id=bcycle_lametro_4545&platform=iOS', 'android': 'https://www.bcycle.com/applink?system_id=bcycle_lametro&station_id=bcycle_lametro_4545&platform=android'}",Kiosk and Station,bcycle_lametro_region_2,200 Culver Blvd,Vista Del Mar & Culver,bcycle_lametro_4545,1,1,1,2,6,1773087552,"{'electric': 0, 'smart': 0, 'classic': 6}"
-118.45363,34.0314,"{'ios': 'https://www.bcycle.com/applink?system_id=bcycle_lametro&station_id=bcycle_lametro_4546&platform=iOS', 'android': 'https://www.bcycle.com/applink?system_id=bcycle_lametro&station_id=bcycle_lametro_4546&platform=android'}",Kiosk and Station,bcycle_lametro_region_2,12201 Exposition Blvd,Expo/Bundy E Line Station,bcycle_lametro_4546,1,1,1,9,10,1773087552,"{'electric': 0, 'smart': 0, 'classic': 10}"
-118.44888,33.9897,"{'ios': 'https://www.bcycle.com/applink?system_id=bcycle_lametro&station_id=bcycle_lametro_4547&platform=iOS', 'android': 'https://www.bcycle.com/applink?system_id=bcycle_lametro&station_id=bcycle_lametro_4547&platform=android'}",Kiosk and Station,bcycle_lametro_region_2,3205 Washington Blvd,Stanford & Washington,bcycle_lametro_4547,1,1,1,6,4,1773087552,"{'electric': 0, 'smart': 0, 'classic': 4}"
-118.39352,34.02683,"{'ios': 'https://www.bcycle.com/applink?system_id=bcycle_lametro&station_id=bcycle_lametro_4548&platform=iOS', 'android': 'https://www.bcycle.com/applink?system_id=bcycle_lametro&station_id=bcycle_lametro_4548&platform=android'}",Kiosk and Station,bcycle_lametro_region_2,8985 Venice Blvd,Durango & Venice,bcycle_lametro_4548,1,1,1,5,7,1773087552,"{'electric': 1, 'smart': 0, 'classic': 6}"
-118.43833,34.02245,"{'ios': 'https://www.bcycle.com/applink?system_id=bcycle_lametro&station_id=bcycle_lametro_4549&platform=iOS', 'android': 'https://www.bcycle.com/applink?system_id=bcycle_lametro&station_id=bcycle_lametro_4549&platform=android'}",Kiosk and Station,bcycle_lametro_region_2,3010 S Barrington Ave,Barrington & National,bcycle_lametro_4549,1,1,1,14,2,1773087552,"{'electric': 1, 'smart': 0, 'classic': 1}"
-118.4213,33.99097,"{'ios': 'https://www.bcycle.com/applink?system_id=bcycle_lametro&station_id=bcycle_lametro_4552&platform=iOS', 'android': 'https://www.bcycle.com/applink?system_id=bcycle_lametro&station_id=bcycle_lametro_4552&platform=android'}",Kiosk and Station,bcycle_lametro_region_2,12415 Culver Blvd,Culver & Centinela,bcycle_lametro_4552,1,1,1,8,4,1773087552,"{'electric': 1, 'smart': 0, 'classic': 3}"
-118.44136,33.99958,"{'ios': 'https://www.bcycle.com/applink?system_id=bcycle_lametro&station_id=bcycle_lametro_4553&platform=iOS', 'android': 'https://www.bcycle.com/applink?system_id=bcycle_lametro&station_id=bcycle_lametro_4553&platform=android'}",Kiosk and Station,bcycle_lametro_region_2,12904 Venice Blvd,Venice & Beethoven,bcycle_lametro_4553,1,1,1,5,4,1773087552,"{'electric': 0, 'smart': 0, 'classic': 4}"
-118.43438,34.00351,"{'ios': 'https://www.bcycle.com/applink?system_id=bcycle_lametro&station_id=bcycle_lametro_4554&platform=iOS', 'android': 'https://www.bcycle.com/applink?system_id=bcycle_lametro&station_id=bcycle_lametro_4554&platform=android'}",Kiosk and Station,bcycle_lametro_region_2,12413 Venice,Venice & Colonial,bcycle_lametro_4554,0,0,1,4,7,1773087552,"{'electric': 2, 'smart': 0, 'classic': 5}"
-118.42916,34.00587,"{'ios': 'https://www.bcycle.com/applink?system_id=bcycle_lametro&station_id=bcycle_lametro_4555&platform=iOS', 'android': 'https://www.bcycle.com/applink?system_id=bcycle_lametro&station_id=bcycle_lametro_4555&platform=android'}",Kiosk and Station,bcycle_lametro_region_2,12006 Venice Blvd,Venice & Inglewood,bcycle_lametro_4555,1,1,1,3,5,1773087552,"{'electric': 1, 'smart': 0, 'classic': 4}"
-118.42501,34.00902,"{'ios': 'https://www.bcycle.com/applink?system_id=bcycle_lametro&station_id=bcycle_lametro_4556&platform=iOS', 'android': 'https://www.bcycle.com/applink?system_id=bcycle_lametro&station_id=bcycle_lametro_4556&platform=android'}",Kiosk and Station,bcycle_lametro_region_2,3781 McLaughlin,McLaughlin & Venice,bcycle_lametro_4556,1,1,1,5,8,1773087552,"{'electric': 3, 'smart': 0, 'classic': 5}"
-118.41944,34.0118,"{'ios': 'https://www.bcycle.com/applink?system_id=bcycle_lametro&station_id=bcycle_lametro_4557&platform=iOS', 'android': 'https://www.bcycle.com/applink?system_id=bcycle_lametro&station_id=bcycle_lametro_4557&platform=android'}",Kiosk and Station,bcycle_lametro_region_2,11289 Venice Blvd,Venice & Sawtelle,bcycle_lametro_4557,1,1,1,7,4,1773087552,"{'electric': 0, 'smart': 0, 'classic': 4}"
-118.3953,34.02569,"{'ios': 'https://www.bcycle.com/applink?system_id=bcycle_lametro&station_id=bcycle_lametro_4558&platform=iOS', 'android': 'https://www.bcycle.com/applink?system_id=bcycle_lametro&station_id=bcycle_lametro_4558&platform=android'}",Kiosk and Station,bcycle_lametro_region_2,3775 Bagley Ave,Bagley & Venice,bcycle_lametro_4558,1,1,1,12,5,1773087552,"{'electric': 1, 'smart': 0, 'classic': 4}"
-118.42268,34.02006,"{'ios': 'https://www.bcycle.com/applink?system_id=bcycle_lametro&station_id=bcycle_lametro_4561&platform=iOS', 'android': 'https://www.bcycle.com/applink?system_id=bcycle_lametro&station_id=bcycle_lametro_4561&platform=android'}",Kiosk and Station,bcycle_lametro_region_2,3466 S Sepulveda Blvd,Sepulveda & Palms,bcycle_lametro_4561,1,1,1,5,4,1773087552,"{'electric': 1, 'smart': 0, 'classic': 3}"
-118.42821,34.02697,"{'ios': 'https://www.bcycle.com/applink?system_id=bcycle_lametro&station_id=bcycle_lametro_4562&platform=iOS', 'android': 'https://www.bcycle.com/applink?system_id=bcycle_lametro&station_id=bcycle_lametro_4562&platform=android'}",Kiosk and Station,bcycle_lametro_region_2,Sepulveda & National,Sepulveda & National,bcycle_lametro_4562,1,1,1,7,9,1773087552,"{'electric': 1, 'smart': 0, 'classic': 8}"
-118.40957,34.01745,"{'ios': 'https://www.bcycle.com/applink?system_id=bcycle_lametro&station_id=bcycle_lametro_4563&platform=iOS', 'android': 'https://www.bcycle.com/applink?system_id=bcycle_lametro&station_id=bcycle_lametro_4563&platform=android'}",Kiosk and Station,bcycle_lametro_region_2,10823 Venice Blvd,Venice & Glendon,bcycle_lametro_4563,1,1,1,1,9,1773087552,"{'electric': 0, 'smart': 0, 'classic': 9}"
-118.43414,34.03535,"{'ios': 'https://www.bcycle.com/applink?system_id=bcycle_lametro&station_id=bcycle_lametro_4564&platform=iOS', 'android': 'https://www.bcycle.com/applink?system_id=bcycle_lametro&station_id=bcycle_lametro_4564&platform=android'}",Kiosk and Station,bcycle_lametro_region_2,11295 Exposition Blvd,Expo/Sepulveda E Line Station,bcycle_lametro_4564,1,1,1,10,5,1773087552,"{'electric': 0, 'smart': 0, 'classic': 5}"
-118.43467,33.98995,"{'ios': 'https://www.bcycle.com/applink?system_id=bcycle_lametro&station_id=bcycle_lametro_4565&platform=iOS', 'android': 'https://www.bcycle.com/applink?system_id=bcycle_lametro&station_id=bcycle_lametro_4565&platform=android'}",Kiosk and Station,bcycle_lametro_region_2,4314-4300 Alla Rd,Alla & Maxella,bcycle_lametro_4565,1,1,1,9,3,1773087552,"{'electric': 0, 'smart': 0, 'classic': 3}"
-118.39922,34.02339,"{'ios': 'https://www.bcycle.com/applink?system_id=bcycle_lametro&station_id=bcycle_lametro_4566&platform=iOS', 'android': 'https://www.bcycle.com/applink?system_id=bcycle_lametro&station_id=bcycle_lametro_4566&platform=android'}",Kiosk and Station,bcycle_lametro_region_2,9907 Venice Blvd,Venice & Hughes,bcycle_lametro_4566,1,1,1,10,5,1773087552,"{'electric': 2, 'smart': 0, 'classic': 3}"
-118.40403,34.02018,"{'ios': 'https://www.bcycle.com/applink?system_id=bcycle_lametro&station_id=bcycle_lametro_4567&platform=iOS', 'android': 'https://www.bcycle.com/applink?system_id=bcycle_lametro&station_id=bcycle_lametro_4567&platform=android'}",Kiosk and Station,bcycle_lametro_region_2,10404 Venice Blvd,Venice & Motor,bcycle_lametro_4567,1,1,1,4,7,1773087552,"{'electric': 0, 'smart': 0, 'classic': 7}"
-118.40317,34.02912,"{'ios': 'https://www.bcycle.com/applink?system_id=bcycle_lametro&station_id=bcycle_lametro_4568&platform=iOS', 'android': 'https://www.bcycle.com/applink?system_id=bcycle_lametro&station_id=bcycle_lametro_4568&platform=android'}",Kiosk and Station,bcycle_lametro_region_2,10001 Exposition Blvd,Palms E Line Station,bcycle_lametro_4568,1,1,1,6,8,1773087552,"{'electric': 1, 'smart': 0, 'classic': 7}"
-118.40846,34.02655,"{'ios': 'https://www.bcycle.com/applink?system_id=bcycle_lametro&station_id=bcycle_lametro_4569&platform=iOS', 'android': 'https://www.bcycle.com/applink?system_id=bcycle_lametro&station_id=bcycle_lametro_4569&platform=android'}",Kiosk and Station,bcycle_lametro_region_2,10323 Palms Blvd,Palms & Motor,bcycle_lametro_4569,1,1,1,7,2,1773087552,"{'electric': 0, 'smart': 0, 'classic': 2}"
-118.4178,34.01376,"{'ios': 'https://www.bcycle.com/applink?system_id=bcycle_lametro&station_id=bcycle_lametro_4570&platform=iOS', 'android': 'https://www.bcycle.com/applink?system_id=bcycle_lametro&station_id=bcycle_lametro_4570&platform=android'}",Kiosk and Station,bcycle_lametro_region_2,3732 S Sepulveda Blvd,Sepulveda & Venice,bcycle_lametro_4570,1,1,1,9,6,1773087552,"{'electric': 1, 'smart': 0, 'classic': 5}"
-118.41356,34.02765,"{'ios': 'https://www.bcycle.com/applink?system_id=bcycle_lametro&station_id=bcycle_lametro_4571&platform=iOS', 'android': 'https://www.bcycle.com/applink?system_id=bcycle_lametro&station_id=bcycle_lametro_4571&platform=android'}",Kiosk and Station,bcycle_lametro_region_2,10618 Rose Ave,Rose & Overland,bcycle_lametro_4571,1,1,1,3,4,1773087552,"{'electric': 0, 'smart': 0, 'classic': 4}"
-118.42098,34.03047,"{'ios': 'https://www.bcycle.com/applink?system_id=bcycle_lametro&station_id=bcycle_lametro_4573&platform=iOS', 'android': 'https://www.bcycle.com/applink?system_id=bcycle_lametro&station_id=bcycle_lametro_4573&platform=android'}",Kiosk and Station,bcycle_lametro_region_2,3301 Westwood Blvd,Westwood & National,bcycle_lametro_4573,1,1,1,10,1,1773087552,"{'electric': 0, 'smart': 0, 'classic': 1}"
-118.40253,34.00031,"{'ios': 'https://www.bcycle.com/applink?system_id=bcycle_lametro&station_id=bcycle_lametro_4575&platform=iOS', 'android': 'https://www.bcycle.com/applink?system_id=bcycle_lametro&station_id=bcycle_lametro_4575&platform=android'}",Kiosk and Station,bcycle_lametro_region_2,11220-11200 Lucerne Ave,Lucerne & Sepulveda,bcycle_lametro_4575,1,1,1,8,2,1773087552,"{'electric': 2, 'smart': 0, 'classic': 0}"
-118.40551,34.02258,"{'ios': 'https://www.bcycle.com/applink?system_id=bcycle_lametro&station_id=bcycle_lametro_4576&platform=iOS', 'android': 'https://www.bcycle.com/applink?system_id=bcycle_lametro&station_id=bcycle_lametro_4576&platform=android'}",Kiosk and Station,bcycle_lametro_region_2,3704-3700 Motor Ave,Motor & Regent,bcycle_lametro_4576,1,1,1,8,3,1773087552,"{'electric': 1, 'smart': 0, 'classic': 2}"
-118.41491,33.99302,"{'ios': 'https://www.bcycle.com/applink?system_id=bcycle_lametro&station_id=bcycle_lametro_4577&platform=iOS', 'android': 'https://www.bcycle.com/applink?system_id=bcycle_lametro&station_id=bcycle_lametro_4577&platform=android'}",Kiosk and Station,bcycle_lametro_region_2,4743 Inglewood Blvd,Inglewood & Braddock,bcycle_lametro_4577,1,1,1,3,8,1773087552,"{'electric': 0, 'smart': 0, 'classic': 8}"
-118.25295,34.04298,"{'ios': 'https://www.bcycle.com/applink?system_id=bcycle_lametro&station_id=bcycle_lametro_4578&platform=iOS', 'android': 'https://www.bcycle.com/applink?system_id=bcycle_lametro&station_id=bcycle_lametro_4578&platform=android'}",Kiosk and Station,bcycle_lametro_region_1,755 S Main,Main & 8th,bcycle_lametro_4578,1,1,1,2,6,1773087552,"{'electric': 1, 'smart': 0, 'classic': 5}"
-118.43113,33.98486,"{'ios': 'https://www.bcycle.com/applink?system_id=bcycle_lametro&station_id=bcycle_lametro_4579&platform=iOS', 'android': 'https://www.bcycle.com/applink?system_id=bcycle_lametro&station_id=bcycle_lametro_4579&platform=android'}",Kiosk and Station,bcycle_lametro_region_2,4666-4650 Alla Rd,Alla & Glencoe,bcycle_lametro_4579,1,1,1,8,4,1773087552,"{'electric': 0, 'smart': 0, 'classic': 4}"
-118.41083,33.98293,"{'ios': 'https://www.bcycle.com/applink?system_id=bcycle_lametro&station_id=bcycle_lametro_4580&platform=iOS', 'android': 'https://www.bcycle.com/applink?system_id=bcycle_lametro&station_id=bcycle_lametro_4580&platform=android'}",Kiosk and Station,bcycle_lametro_region_2,Centinela & Lucile,Centinela & Lucile,bcycle_lametro_4580,1,1,1,5,3,1773087552,"{'electric': 1, 'smart': 0, 'classic': 2}"
-118.42607,33.97024,"{'ios': 'https://www.bcycle.com/applink?system_id=bcycle_lametro&station_id=bcycle_lametro_4581&platform=iOS', 'android': 'https://www.bcycle.com/applink?system_id=bcycle_lametro&station_id=bcycle_lametro_4581&platform=android'}",Kiosk and Station,bcycle_lametro_region_2,Playa Vista Drive,Playa Vista Library,bcycle_lametro_4581,1,1,1,10,5,1773087552,"{'electric': 1, 'smart': 0, 'classic': 4}"
-118.41842,33.97619,"{'ios': 'https://www.bcycle.com/applink?system_id=bcycle_lametro&station_id=bcycle_lametro_4583&platform=iOS', 'android': 'https://www.bcycle.com/applink?system_id=bcycle_lametro&station_id=bcycle_lametro_4583&platform=android'}",Kiosk and Station,bcycle_lametro_region_2,12855 Runway,McConnell & Runway,bcycle_lametro_4583,1,1,1,11,6,1773087552,"{'electric': 0, 'smart': 0, 'classic': 6}"
-118.32636,34.09435,"{'ios': 'https://www.bcycle.com/applink?system_id=bcycle_lametro&station_id=bcycle_lametro_4584&platform=iOS', 'android': 'https://www.bcycle.com/applink?system_id=bcycle_lametro&station_id=bcycle_lametro_4584&platform=android'}",Kiosk and Station,bcycle_lametro_region_9,6265 Fountain Ave,Fountain & Vine,bcycle_lametro_4584,1,1,1,5,9,1773087552,"{'electric': 0, 'smart': 0, 'classic': 9}"
-118.30907,34.06079,"{'ios': 'https://www.bcycle.com/applink?system_id=bcycle_lametro&station_id=bcycle_lametro_4587&platform=iOS', 'android': 'https://www.bcycle.com/applink?system_id=bcycle_lametro&station_id=bcycle_lametro_4587&platform=android'}",Kiosk and Station,bcycle_lametro_region_1,650 S Western Ave,Wiltern,bcycle_lametro_4587,1,1,1,1,2,1773087552,"{'electric': 0, 'smart': 0, 'classic': 2}"
-118.3875,34.16835,"{'ios': 'https://www.bcycle.com/applink?system_id=bcycle_lametro&station_id=bcycle_lametro_4595&platform=iOS', 'android': 'https://www.bcycle.com/applink?system_id=bcycle_lametro&station_id=bcycle_lametro_4595&platform=android'}",Kiosk and Station,bcycle_lametro_region_1,11688 Chandler Blvd,Chandler & Colfax,bcycle_lametro_4595,1,1,1,16,2,1773087552,"{'electric': 2, 'smart': 0, 'classic': 0}"
-118.39616,34.16833,"{'ios': 'https://www.bcycle.com/applink?system_id=bcycle_lametro&station_id=bcycle_lametro_4596&platform=iOS', 'android': 'https://www.bcycle.com/applink?system_id=bcycle_lametro&station_id=bcycle_lametro_4596&platform=android'}",Kiosk and Station,bcycle_lametro_region_1,5352 Laurel Canyon Blvd,Chandler & Laurel Canyon,bcycle_lametro_4596,1,1,1,12,3,1773087552,"{'electric': 0, 'smart': 0, 'classic': 3}"
-118.35515,34.16522,"{'ios': 'https://www.bcycle.com/applink?system_id=bcycle_lametro&station_id=bcycle_lametro_4597&platform=iOS', 'android': 'https://www.bcycle.com/applink?system_id=bcycle_lametro&station_id=bcycle_lametro_4597&platform=android'}",Kiosk and Station,bcycle_lametro_region_1,10301 W Magnolia Blvd,Magnolia & Clybourn,bcycle_lametro_4597,1,1,1,4,7,1773087552,"{'electric': 1, 'smart': 0, 'classic': 6}"
-118.37515,34.16552,"{'ios': 'https://www.bcycle.com/applink?system_id=bcycle_lametro&station_id=bcycle_lametro_4598&platform=iOS', 'android': 'https://www.bcycle.com/applink?system_id=bcycle_lametro&station_id=bcycle_lametro_4598&platform=android'}",Kiosk and Station,bcycle_lametro_region_1,5223 Lankershim Blvd,North Hollywood Plaza,bcycle_lametro_4598,1,1,1,4,5,1773087552,"{'electric': 0, 'smart': 0, 'classic': 5}"
-118.36187,34.16875,"{'ios': 'https://www.bcycle.com/applink?system_id=bcycle_lametro&station_id=bcycle_lametro_4599&platform=iOS', 'android': 'https://www.bcycle.com/applink?system_id=bcycle_lametro&station_id=bcycle_lametro_4599&platform=android'}",Kiosk and Station,bcycle_lametro_region_1,10605 Chandler Blvd,Chandler & Cahuenga,bcycle_lametro_4599,1,1,1,10,2,1773087552,"{'electric': 1, 'smart': 0, 'classic': 1}"
-118.38231,34.17765,"{'ios': 'https://www.bcycle.com/applink?system_id=bcycle_lametro&station_id=bcycle_lametro_4600&platform=iOS', 'android': 'https://www.bcycle.com/applink?system_id=bcycle_lametro&station_id=bcycle_lametro_4600&platform=android'}",Kiosk and Station,bcycle_lametro_region_1,5906 Lankershim Blvd,Lankershim & Califa,bcycle_lametro_4600,1,1,1,4,6,1773087552,"{'electric': 2, 'smart': 0, 'classic': 4}"
-118.37282,34.16171,"{'ios': 'https://www.bcycle.com/applink?system_id=bcycle_lametro&station_id=bcycle_lametro_4601&platform=iOS', 'android': 'https://www.bcycle.com/applink?system_id=bcycle_lametro&station_id=bcycle_lametro_4601&platform=android'}",Kiosk and Station,bcycle_lametro_region_1,5032 Lankershim Blvd,Lankershim & Hesby,bcycle_lametro_4601,1,1,1,8,3,1773087552,"{'electric': 0, 'smart': 0, 'classic': 3}"
-118.36195,34.15214,"{'ios': 'https://www.bcycle.com/applink?system_id=bcycle_lametro&station_id=bcycle_lametro_4603&platform=iOS', 'android': 'https://www.bcycle.com/applink?system_id=bcycle_lametro&station_id=bcycle_lametro_4603&platform=android'}",Kiosk and Station,bcycle_lametro_region_1,10600 Riverside Dr,Riverside & Cahuenga,bcycle_lametro_4603,1,1,1,10,8,1773087552,"{'electric': 2, 'smart': 0, 'classic': 6}"
-118.37081,34.15832,"{'ios': 'https://www.bcycle.com/applink?system_id=bcycle_lametro&station_id=bcycle_lametro_4604&platform=iOS', 'android': 'https://www.bcycle.com/applink?system_id=bcycle_lametro&station_id=bcycle_lametro_4604&platform=android'}",Kiosk and Station,bcycle_lametro_region_1,4825 Lanklershim Blvd,Lankershim & Vineland,bcycle_lametro_4604,1,1,1,7,5,1773087552,"{'electric': 0, 'smart': 0, 'classic': 5}"
-118.3506,34.152,"{'ios': 'https://www.bcycle.com/applink?system_id=bcycle_lametro&station_id=bcycle_lametro_4605&platform=iOS', 'android': 'https://www.bcycle.com/applink?system_id=bcycle_lametro&station_id=bcycle_lametro_4605&platform=android'}",Kiosk and Station,bcycle_lametro_region_1,4499 Mariota Ave,Mariota & Riverside,bcycle_lametro_4605,1,1,1,8,5,1773087552,"{'electric': 0, 'smart': 0, 'classic': 5}"
-118.37707,34.16863,"{'ios': 'https://www.bcycle.com/applink?system_id=bcycle_lametro&station_id=bcycle_lametro_4606&platform=iOS', 'android': 'https://www.bcycle.com/applink?system_id=bcycle_lametro&station_id=bcycle_lametro_4606&platform=android'}",Kiosk and Station,bcycle_lametro_region_1,5377 Lankershim,North Hollywood Station,bcycle_lametro_4606,1,1,1,5,15,1773087552,"{'electric': 0, 'smart': 0, 'classic': 15}"
-118.44535,34.06975,"{'ios': 'https://www.bcycle.com/applink?system_id=bcycle_lametro&station_id=bcycle_lametro_4613&platform=iOS', 'android': 'https://www.bcycle.com/applink?system_id=bcycle_lametro&station_id=bcycle_lametro_4613&platform=android'}",Kiosk and Station,bcycle_lametro_region_2,"425 Westwood Plaza, Los Angeles, CA 90095",Gateway Plaza,bcycle_lametro_4613,1,1,1,7,11,1773087552,"{'electric': 1, 'smart': 0, 'classic': 10}"
-118.43984,34.07365,"{'ios': 'https://www.bcycle.com/applink?system_id=bcycle_lametro&station_id=bcycle_lametro_4614&platform=iOS', 'android': 'https://www.bcycle.com/applink?system_id=bcycle_lametro&station_id=bcycle_lametro_4614&platform=android'}",Kiosk and Station,bcycle_lametro_region_2,1317 Portola Plaza,Perloff Hall,bcycle_lametro_4614,1,1,1,7,13,1773087552,"{'electric': 1, 'smart': 0, 'classic': 12}"
-118.32514,34.10185,"{'ios': 'https://www.bcycle.com/applink?system_id=bcycle_lametro&station_id=bcycle_lametro_4627&platform=iOS', 'android': 'https://www.bcycle.com/applink?system_id=bcycle_lametro&station_id=bcycle_lametro_4627&platform=android'}",Kiosk and Station,bcycle_lametro_region_9,6203 Hollywood Blvd,Argyle & Hollywood ,bcycle_lametro_4627,1,1,1,11,5,1773087552,"{'electric': 0, 'smart': 0, 'classic': 5}"
-118.28854,34.05978,"{'ios': 'https://www.bcycle.com/applink?system_id=bcycle_lametro&station_id=bcycle_lametro_4628&platform=iOS', 'android': 'https://www.bcycle.com/applink?system_id=bcycle_lametro&station_id=bcycle_lametro_4628&platform=android'}",Kiosk and Station,bcycle_lametro_region_1,2966 7th St,7th & Westmoreland,bcycle_lametro_4628,1,1,1,6,9,1773087552,"{'electric': 0, 'smart': 0, 'classic': 9}"
-118.44095,33.98667,"{'ios': 'https://www.bcycle.com/applink?system_id=bcycle_lametro&station_id=bcycle_lametro_4632&platform=iOS', 'android': 'https://www.bcycle.com/applink?system_id=bcycle_lametro&station_id=bcycle_lametro_4632&platform=android'}",Kiosk and Station,bcycle_lametro_region_2,13438 Maxella Ave,Maxella & Glencoe,bcycle_lametro_4632,1,1,1,14,1,1773087552,"{'electric': 0, 'smart': 0, 'classic': 1}"
-118.44944,34.07262,"{'ios': 'https://www.bcycle.com/applink?system_id=bcycle_lametro&station_id=bcycle_lametro_4643&platform=iOS', 'android': 'https://www.bcycle.com/applink?system_id=bcycle_lametro&station_id=bcycle_lametro_4643&platform=android'}",Kiosk and Station,bcycle_lametro_region_2,"UCLA12, Drake Stadium",Drake Stadium,bcycle_lametro_4643,1,1,1,20,0,1773087552,"{'electric': 0, 'smart': 0, 'classic': 0}"
-118.45002,34.06186,"{'ios': 'https://www.bcycle.com/applink?system_id=bcycle_lametro&station_id=bcycle_lametro_4644&platform=iOS', 'android': 'https://www.bcycle.com/applink?system_id=bcycle_lametro&station_id=bcycle_lametro_4644&platform=android'}",Kiosk and Station,bcycle_lametro_region_2,"UCLA17, Weyburn Terrace",Weyburn Terrace,bcycle_lametro_4644,1,1,1,8,4,1773087552,"{'electric': 0, 'smart': 0, 'classic': 4}"
-118.42901,34.02341,"{'ios': 'https://www.bcycle.com/applink?system_id=bcycle_lametro&station_id=bcycle_lametro_4645&platform=iOS', 'android': 'https://www.bcycle.com/applink?system_id=bcycle_lametro&station_id=bcycle_lametro_4645&platform=android'}",Kiosk and Station,bcycle_lametro_region_2,3210 Sawtelle Blvd,University Village (Sawtelle Blvd),bcycle_lametro_4645,1,1,1,10,2,1773087552,"{'electric': 0, 'smart': 0, 'classic': 2}"
-118.48518,34.02705,"{'ios': 'https://www.bcycle.com/applink?system_id=bcycle_lametro&station_id=bcycle_lametro_4652&platform=iOS', 'android': 'https://www.bcycle.com/applink?system_id=bcycle_lametro&station_id=bcycle_lametro_4652&platform=android'}",Kiosk and Station,bcycle_lametro_region_2,Arizona Ave & 16th,Arizona Ave & 16th St,bcycle_lametro_4652,1,1,1,10,1,1773087552,"{'electric': 0, 'smart': 0, 'classic': 1}"
-118.44673,33.99724,"{'ios': 'https://www.bcycle.com/applink?system_id=bcycle_lametro&station_id=bcycle_lametro_4660&platform=iOS', 'android': 'https://www.bcycle.com/applink?system_id=bcycle_lametro&station_id=bcycle_lametro_4660&platform=android'}",Kiosk and Station,bcycle_lametro_region_2,1621 Venice Blvd,Venice & Walgrove,bcycle_lametro_4660,1,1,1,13,4,1773087552,"{'electric': 0, 'smart': 0, 'classic': 4}"
-118.30899,34.05516,"{'ios': 'https://www.bcycle.com/applink?system_id=bcycle_lametro&station_id=bcycle_lametro_4664&platform=iOS', 'android': 'https://www.bcycle.com/applink?system_id=bcycle_lametro&station_id=bcycle_lametro_4664&platform=android'}",Kiosk and Station,bcycle_lametro_region_1,928 S Western Ave,Koreatown Plaza,bcycle_lametro_4664,1,1,1,10,10,1773087552,"{'electric': 0, 'smart': 0, 'classic': 10}"
-118.25319,34.04502,"{'ios': 'https://www.bcycle.com/applink?system_id=bcycle_lametro&station_id=bcycle_lametro_4672&platform=iOS', 'android': 'https://www.bcycle.com/applink?system_id=bcycle_lametro&station_id=bcycle_lametro_4672&platform=android'}",Kiosk and Station,bcycle_lametro_region_1,224 W 7th St,7th & Broadway,bcycle_lametro_4672,1,1,1,0,14,1773087552,"{'electric': 1, 'smart': 0, 'classic': 13}"
-118.25509,34.04351,"{'ios': 'https://www.bcycle.com/applink?system_id=bcycle_lametro&station_id=bcycle_lametro_4680&platform=iOS', 'android': 'https://www.bcycle.com/applink?system_id=bcycle_lametro&station_id=bcycle_lametro_4680&platform=android'}",Kiosk and Station,bcycle_lametro_region_1,807 S Broadway,Broadway & 8th,bcycle_lametro_4680,1,1,1,13,4,1773087552,"{'electric': 0, 'smart': 0, 'classic': 4}"
-118.42607,34.02385,"{'ios': 'https://www.bcycle.com/applink?system_id=bcycle_lametro&station_id=bcycle_lametro_4689&platform=iOS', 'android': 'https://www.bcycle.com/applink?system_id=bcycle_lametro&station_id=bcycle_lametro_4689&platform=android'}",Kiosk and Station,bcycle_lametro_region_2,Sepulveda Blvd at Sepulveda Ct,University Village (Sepulveda Blvd),bcycle_lametro_4689,1,1,1,12,3,1773087552,"{'electric': 1, 'smart': 0, 'classic': 2}"
-118.37037,34.17245,"{'ios': 'https://www.bcycle.com/applink?system_id=bcycle_lametro&station_id=bcycle_lametro_4690&platform=iOS', 'android': 'https://www.bcycle.com/applink?system_id=bcycle_lametro&station_id=bcycle_lametro_4690&platform=android'}",Kiosk and Station,bcycle_lametro_region_1,5601 Vineland Ave,Vineland & Burbank,bcycle_lametro_4690,1,1,1,9,5,1773087552,"{'electric': 0, 'smart': 0, 'classic': 5}"
-118.26495,33.98938,"{'ios': 'https://www.bcycle.com/applink?system_id=bcycle_lametro&station_id=bcycle_lametro_4696&platform=iOS', 'android': 'https://www.bcycle.com/applink?system_id=bcycle_lametro&station_id=bcycle_lametro_4696&platform=android'}",Kiosk and Station,bcycle_lametro_region_1,Avalon & Slauson,Avalon & Slauson,bcycle_lametro_4696,1,1,1,12,2,1773087552,"{'electric': 0, 'smart': 0, 'classic': 2}"
-118.248,33.9895,"{'ios': 'https://www.bcycle.com/applink?system_id=bcycle_lametro&station_id=bcycle_lametro_4697&platform=iOS', 'android': 'https://www.bcycle.com/applink?system_id=bcycle_lametro&station_id=bcycle_lametro_4697&platform=android'}",Kiosk and Station,bcycle_lametro_region_1,Compton & Slauson,Compton & Slauson,bcycle_lametro_4697,0,0,1,0,0,1773087552,"{'electric': 0, 'smart': 0, 'classic': 0}"
-118.28235,33.98934,"{'ios': 'https://www.bcycle.com/applink?system_id=bcycle_lametro&station_id=bcycle_lametro_4698&platform=iOS', 'android': 'https://www.bcycle.com/applink?system_id=bcycle_lametro&station_id=bcycle_lametro_4698&platform=android'}",Kiosk and Station,bcycle_lametro_region_1,Figueroa & Slauson,Figueroa & Slauson,bcycle_lametro_4698,1,1,1,8,6,1773087552,"{'electric': 1, 'smart': 0, 'classic': 5}"
-118.29119,33.9893,"{'ios': 'https://www.bcycle.com/applink?system_id=bcycle_lametro&station_id=bcycle_lametro_4699&platform=iOS', 'android': 'https://www.bcycle.com/applink?system_id=bcycle_lametro&station_id=bcycle_lametro_4699&platform=android'}",Kiosk and Station,bcycle_lametro_region_1,Vermont & Slauson,Vermont & Slauson,bcycle_lametro_4699,1,1,1,4,11,1773087552,"{'electric': 2, 'smart': 0, 'classic': 9}"
-118.3042,33.9893,"{'ios': 'https://www.bcycle.com/applink?system_id=bcycle_lametro&station_id=bcycle_lametro_4700&platform=iOS', 'android': 'https://www.bcycle.com/applink?system_id=bcycle_lametro&station_id=bcycle_lametro_4700&platform=android'}",Kiosk and Station,bcycle_lametro_region_1,Denker & Slauson,Denker & Slauson,bcycle_lametro_4700,1,1,1,11,6,1773087552,"{'electric': 2, 'smart': 0, 'classic': 4}"
-118.29492,34.08788,"{'ios': 'https://www.bcycle.com/applink?system_id=bcycle_lametro&station_id=bcycle_lametro_4707&platform=iOS', 'android': 'https://www.bcycle.com/applink?system_id=bcycle_lametro&station_id=bcycle_lametro_4707&platform=android'}",Kiosk and Station,bcycle_lametro_region_1,Heliotrope & Lily Crest,Heliotrope & Lily Crest,bcycle_lametro_4707,1,1,1,10,3,1773087552,"{'electric': 1, 'smart': 0, 'classic': 2}"
-118.25926,34.06417,"{'ios': 'https://www.bcycle.com/applink?system_id=bcycle_lametro&station_id=bcycle_lametro_4729&platform=iOS', 'android': 'https://www.bcycle.com/applink?system_id=bcycle_lametro&station_id=bcycle_lametro_4729&platform=android'}",Kiosk and Station,bcycle_lametro_region_1,1415 Colton St,Echo Park Pool,bcycle_lametro_4729,1,1,1,6,8,1773087552,"{'electric': 0, 'smart': 0, 'classic': 8}"
-118.29216,34.0894,"{'ios': 'https://www.bcycle.com/applink?system_id=bcycle_lametro&station_id=bcycle_lametro_4730&platform=iOS', 'android': 'https://www.bcycle.com/applink?system_id=bcycle_lametro&station_id=bcycle_lametro_4730&platform=android'}",Kiosk and Station,bcycle_lametro_region_1,4626 Willow Brook Ave,Willow Brook & Vermont,bcycle_lametro_4730,1,1,1,8,7,1773087552,"{'electric': 0, 'smart': 0, 'classic': 7}"
-118.38985,34.02828,"{'ios': 'https://www.bcycle.com/applink?system_id=bcycle_lametro&station_id=bcycle_lametro_4732&platform=iOS', 'android': 'https://www.bcycle.com/applink?system_id=bcycle_lametro&station_id=bcycle_lametro_4732&platform=android'}",Kiosk and Station,bcycle_lametro_region_2,8946 Venice Blvd,Culver City E Line,bcycle_lametro_4732,1,1,1,7,13,1773087552,"{'electric': 0, 'smart': 0, 'classic': 13}"
